outcome_key,sample,regressor,n,coef_firth,se_firth,p_firth,coef_ml_unweighted,se_ml_unweighted,p_ml_unweighted
D4_energy,MAR,prod_innov,502,0.9957873289443556,0.3258371898101693,0.0022424496358823985,1.0174295301521905,0.3430286975332912,0.003163782961772532
D4_energy,MAR,proc_innov,502,0.3513783478377585,0.4447201632144266,0.4294628741629245,0.3365897232524981,0.5010576291043628,0.5020533896203646
D4_energy,MAR,web,502,-0.48385482456375134,0.26092673480989587,0.06368618053958934,-0.4931470216609641,0.26041239750698747,0.05885033353618578
D4_energy,KOR,prod_innov,1476,0.8771785570380024,0.23923043659839308,0.00024573161751034305,0.884349337656716,0.2405805120226313,0.0002455678910381456
D4_energy,KOR,proc_innov,1476,0.40276378461745166,0.3530172621025415,0.2539040057189096,0.40316514296480455,0.3663696480397718,0.2713244158846651
D4_energy,KOR,web,1476,0.39763335534275046,0.17201113526290496,0.020795755834244662,0.39914717638756025,0.1718636377255799,0.02034438787804389
D4_energy,Pooled,prod_innov,1978,0.9856258855879512,0.19186165768397903,2.789071497982633e-07,0.9925498332260329,0.19681156152995416,5.000008530071419e-07
D4_energy,Pooled,proc_innov,1978,0.3307314353341494,0.27724056423019233,0.23289276393127267,0.328179672164463,0.3014046851249391,0.27636054154677725
D4_energy,Pooled,web,1978,0.14903305084189944,0.1426205986165201,0.2960407113198221,0.14886304146914417,0.14495477082910987,0.304564690869316
D4_co2,MAR,prod_innov,504,1.0747941970439303,0.46484000467185826,0.02076771441269532,1.0884211425838188,0.4783778809824133,0.023320396461841895
D4_co2,MAR,proc_innov,504,-1.6997268991311578,0.9152365822121825,0.06329054972278274,-2.1071986568500973,1.0878650776443053,0.05331584336780345
D4_co2,MAR,web,504,0.04621568342282448,0.372332606991444,0.9012165197564338,0.06370398039719616,0.3653479820959017,0.8616500268586179
D4_co2,KOR,prod_innov,1495,0.5729748028692822,0.2698755686460702,0.033744857412600776,0.5722530523745637,0.27005066364422164,0.034251264480852917
D4_co2,KOR,proc_innov,1495,-0.13348889470043576,0.4065235750304663,0.7426342507313376,-0.1611743167880203,0.40873011450963104,0.6933944899147929
D4_co2,KOR,web,1495,0.05901033374546282,0.19806336284200782,0.7657515189344002,0.05685410944469392,0.2016165606413527,0.7779895256915625
D4_co2,Pooled,prod_innov,1999,0.6212340671017643,0.23181400379887704,0.007364822053235098,0.6203552922378807,0.23357723867093022,0.007973189721772644
D4_co2,Pooled,proc_innov,1999,-0.5350728585416789,0.36845847444684837,0.14644791746906363,-0.5690378412115367,0.3793087317236063,0.13372223582692147
D4_co2,Pooled,web,1999,0.07871191194797386,0.17050787785158664,0.6443451616043344,0.07802030512655969,0.17316158327436004,0.6523532689123155
