group,outcome_key,sample,n,n_G1,wald_F,wald_p,df_num,prod_innov_G0,prod_innov_G0_p,prod_innov_G1,prod_innov_G1_p,proc_innov_G0,proc_innov_G0_p,proc_innov_G1,proc_innov_G1_p,web_G0,web_G0_p,web_G1,web_G1_p
Non-manufacturing (G=1) vs manufacturing (G=0),D1_sales,MAR,494,216,0.6965287091232267,0.5546175859686042,3,3.391758022973476,0.036073273173047,0.5554268240031868,0.646263149562286,1.7395521609799083,0.5654151578590687,0.8923239757102919,0.5973067707590596,0.6641048860909293,0.6611812339986085,0.46360881123146147,0.7433926302705189
Non-manufacturing (G=1) vs manufacturing (G=0),D1_sales,KOR,1431,586,0.7292498674456156,0.5345945847477832,3,6.435890255687371,0.049086035470547434,11.280292040109478,0.08957217978132839,-9.322894288415497,0.056054093439992216,-13.419198856805593,0.1184272831160497,0.6175677567349128,0.6817232321881055,3.3321329660161987,0.04374538665944232
Non-manufacturing (G=1) vs manufacturing (G=0),D1_sales,Pooled,1925,802,0.3980589916141905,0.7544197334187627,3,6.4102395984213425,0.027045100372059885,4.822163978677634,0.12055565511560168,-7.337678779300018,0.07908284188864308,-3.5700306267748703,0.18949235341994106,0.8758556639835687,0.49281291605565863,2.1306488088411744,0.07171230967212051
Non-manufacturing (G=1) vs manufacturing (G=0),D1_lp,MAR,494,216,0.37756356144852415,0.7692358528567486,3,1.292905164614873,0.6582575186598135,2.3249622468256206,0.2612918115544915,-1.4235827632678522,0.6305797881049563,-2.5626431402157825,0.46754422819816965,1.4530791757215615,0.544555568747702,-1.6239677074186423,0.42062955563924215
Non-manufacturing (G=1) vs manufacturing (G=0),D1_lp,KOR,1431,586,0.5549520575817132,0.6448858076300124,3,3.1296995433771913,0.2430979265212001,13.398129263619438,0.07713174682358986,-5.946224304024044,0.08287920062554355,-12.062268611294336,0.19644715665007303,0.6593905961806288,0.6887775664301755,1.1723562545571982,0.5445898999880664
Non-manufacturing (G=1) vs manufacturing (G=0),D1_lp,Pooled,1925,802,0.4864468546930867,0.6917374845877247,3,2.487869371247997,0.2919115454702195,6.99304377203026,0.05177207477267852,-5.095965979917747,0.0818558845153221,-5.710836656322273,0.1045861630256096,1.342354237424346,0.3523764821141028,0.6010940538335342,0.6757412151936893
Non-manufacturing (G=1) vs manufacturing (G=0),D2_emp,MAR,495,216,1.5454191253036695,0.2022843739702219,3,1.929782971643363,0.3354145677249169,-1.7547938717150355,0.300090084542245,3.6949750852094794,0.227637357150917,3.6471338870601864,0.22455088074032728,-1.1518752334852986,0.4527329931589127,1.6777924802347028,0.17548433492085316
Non-manufacturing (G=1) vs manufacturing (G=0),D2_emp,KOR,1456,601,1.07565008651448,0.35838925585992965,3,3.306605402648464,0.25880307638609257,-1.866101133962009,0.1929725179966203,-3.7143544137728206,0.16992642747739176,-1.5232876263918946,0.27098737902374725,0.38332551754544936,0.6916332800746701,2.1297261618009222,0.04806746409935091
Non-manufacturing (G=1) vs manufacturing (G=0),D2_emp,Pooled,1951,817,1.6948759088972294,0.16618477452637412,3,3.823879477867178,0.14223450235006221,-2.0931245104915033,0.09224774193834973,-2.30085305597976,0.3028584567705925,2.008810357374577,0.3882452320900283,-0.16788858432350195,0.8299445848769954,1.4664169806882366,0.06361985222864787
Non-manufacturing (G=1) vs manufacturing (G=0),D3_female,MAR,418,197,0.5531581013373165,0.6463706822861828,3,-0.10416663252675612,0.29607779615155755,-0.08835145504763006,0.2558580244773605,0.3787806930692608,0.03930762436156539,0.13478251160954094,0.14395951049442177,0.05193526971454776,0.5497896393164714,0.019397150496211893,0.7715796882952193
Non-manufacturing (G=1) vs manufacturing (G=0),D3_female,KOR,1485,619,0.9312625346254803,0.4248764580734391,3,0.15842757818372138,0.01070892841431412,0.052237166081193304,0.5484659562176722,0.04094531309429921,0.5548464906493012,-0.006889031107670536,0.9529041206263316,-0.025954888562011537,0.321520854058264,0.02601515613948483,0.4359326444799044
Non-manufacturing (G=1) vs manufacturing (G=0),D3_female,Pooled,1903,816,1.6887066109282165,0.16751355351014988,3,0.1284275655431979,0.025701993412240103,-0.010607119278452704,0.821477327229612,0.07707621963220082,0.2979838646230034,0.04516463402089296,0.3903154407786184,0.018139117904758667,0.49234019331323114,0.017117074183222364,0.5128377750135749
Non-manufacturing (G=1) vs manufacturing (G=0),D3_lowskill,MAR,407,190,0.38671052738897616,0.7626544889910775,3,0.011243281476147863,0.9126740552364621,-0.01670546636274551,0.832586204024786,-0.14835111824825645,0.2740535771333311,-0.023771662068666113,0.7189668799961361,-0.015637554768729665,0.8616597051230629,-0.10732692942532637,0.1094749847906419
Non-manufacturing (G=1) vs manufacturing (G=0),D3_lowskill,KOR,1465,611,0.4360330849898804,0.7272522355320594,3,-0.01120593884107949,0.7627966950167162,0.12712226460676926,0.31903465431745676,-0.0034889716140410164,0.9442700304131626,-0.03377101709393289,0.8363669974379151,0.03951963327742471,0.20072179998535009,0.05004511607229246,0.12255984018805864
Non-manufacturing (G=1) vs manufacturing (G=0),D3_lowskill,Pooled,1872,801,0.6990145699456981,0.5526705822008672,3,-0.0017107989421359625,0.9635272277220814,0.059894235177937585,0.36969053358728565,-0.012269415242822792,0.7943630157755524,-0.03930308865701061,0.5319158054615659,0.052760865003508586,0.08141790217951365,0.008112727476564385,0.7559962472072238
Non-manufacturing (G=1) vs manufacturing (G=0),D4_energy,MAR,502,224,7.608245236046252,5.873141585441539e-05,3,1.003187827879665,0.12649589831700686,-1.3701113785230634,0.4990199455342509,-1.2200120112227437,0.1684589973561496,2.3427924142676106,0.07965173395230389,-0.2384883958821902,0.7264587424117591,3.2270167355982613,2.7320558040010946e-07
Non-manufacturing (G=1) vs manufacturing (G=0),D4_energy,KOR,1476,614,2.9669566412298725,0.031059780779192896,3,0.1798874626245226,0.7318038932614537,0.1912577389108982,0.8091852135413297,-0.38087653831751567,0.524891602519406,2.2142415546921947,0.022632736113158115,0.41735413136107763,0.21643709087970045,0.88485906786984,0.0958078856283233
Non-manufacturing (G=1) vs manufacturing (G=0),D4_energy,Pooled,1978,838,3.8422911569773017,0.009359179439903328,3,0.28221066643578374,0.5397012075054783,-0.6702925318425381,0.5257778318880703,-0.44605240458838086,0.3926008085842443,2.1896786716490513,0.023940723252194755,0.388404443098448,0.2175536360624999,1.2154925049270948,0.00789037345004552
Non-manufacturing (G=1) vs manufacturing (G=0),D4_co2,MAR,504,224,83.69012916292894,5.634630256236577e-42,3,1.8036309057273892,0.08015892827073555,2.4422657412853974,0.013542324240273658,-3.0882282043167404,0.0237880373444084,-24.07443558664101,1.2913581590885453e-22,0.1953587796115015,0.7572698360330007,-0.06365022448699209,0.9463690647067814
Non-manufacturing (G=1) vs manufacturing (G=0),D4_co2,KOR,1495,628,0.20858255052704774,0.8904906848924317,3,-0.41349593109659194,0.36506942580805646,-0.04870727574071426,0.9578979416174734,-0.4077747397463337,0.49411635745621374,-1.106350137504442,0.24335519203726075,-0.3511613618750425,0.39706605656441146,0.020242322488991327,0.971760124570885
Non-manufacturing (G=1) vs manufacturing (G=0),D4_co2,Pooled,1999,852,2.802144721170159,0.03865948288566058,3,-0.08170181081981684,0.8471910192609464,1.6860438623478358,0.01668694715603081,-0.8522879209443589,0.17256997084586562,-4.1016697095780374,0.00011423274237744164,-0.4485311492757395,0.22088119434724177,0.20149594524871722,0.6882106893395696
"Medium/large (G=1, >=20 employees) vs small (G=0)",D1_sales,MAR,494,268,2.2042106018110887,0.08712546701489635,3,0.33587206536197417,0.7665205903868979,3.31267492959053,0.07565755194177386,0.2636577862615335,0.8661177786389038,4.903155693586266,0.08028808190636959,0.22416692493342164,0.8806939184256559,1.2568383812237038,0.4173734274245779
"Medium/large (G=1, >=20 employees) vs small (G=0)",D1_sales,KOR,1431,821,0.822937667475046,0.4812488867112953,3,11.092762395521678,0.009463665029925683,4.383681405835187,0.2873815445719095,-13.300406361103885,0.01789669150547493,-6.933624875344412,0.24406621488150604,2.829228112113735,0.09612827681593206,0.7281441037238432,0.6191420715502444
"Medium/large (G=1, >=20 employees) vs small (G=0)",D1_sales,Pooled,1925,1089,0.38956005274066263,0.7605412296159989,3,5.87023145505837,0.026105490580638126,4.404268792852704,0.20172559694538356,-5.454530222739645,0.038283439924400045,-3.4810434754098245,0.4458226773725981,2.35297098091133,0.05340154042539045,0.7254033326084346,0.5532325757508408
"Medium/large (G=1, >=20 employees) vs small (G=0)",D1_lp,MAR,494,268,3.0268653192182007,0.02946073349904619,3,1.4156054087949328,0.45743757947988817,4.686708930526747,0.07188410007681104,-3.2020899290971787,0.34479620939984423,2.350854258748769,0.4896860925885825,-2.054276310250783,0.33357937641231566,2.0491568737223007,0.21478055142951072
"Medium/large (G=1, >=20 employees) vs small (G=0)",D1_lp,KOR,1431,821,1.3275321646276093,0.2639256355144506,3,8.846870904414846,0.048726702385742234,4.969704018670644,0.2581666046383499,-7.319951550673868,0.12879381643892643,-6.027693171978087,0.2908791089674927,2.7957656872336774,0.13407521674680578,-1.8259944226454259,0.284654287850405
"Medium/large (G=1, >=20 employees) vs small (G=0)",D1_lp,Pooled,1925,1089,1.0407469673773415,0.3734845291297143,3,5.146222277853681,0.05773658982890294,4.574692735374423,0.2147542974429005,-6.364879038114723,0.027965109406314633,-2.5598757491707,0.5823941788760537,2.0159028242351984,0.1500954522849413,-1.2338370376499381,0.3986008618806702
"Medium/large (G=1, >=20 employees) vs small (G=0)",D2_emp,MAR,495,268,1.0230627817593265,0.38230856409313463,3,-1.1314091481730257,0.48085169130645256,-1.4950167794669817,0.5322259891960964,3.5046989655192946,0.2355325919886167,2.733043734866225,0.47752634990103643,2.191400266052233,0.08044300141943543,-0.7686298971725085,0.5629615187234575
"Medium/large (G=1, >=20 employees) vs small (G=0)",D2_emp,KOR,1456,829,1.4014031833831373,0.24083058755314576,3,2.3931890223827836,0.48005015275256796,-0.38417836502785097,0.718851923480902,-5.612343441392525,0.01810135107465444,-1.1755792798872013,0.491223616067831,0.3125604263626763,0.768101888302541,1.9922121808282083,0.026784786175778296
"Medium/large (G=1, >=20 employees) vs small (G=0)",D2_emp,Pooled,1951,1097,0.5507364150005226,0.6476896243685389,3,0.7635103714786846,0.7060671574246545,-0.11039417803026241,0.9085342333101676,0.76656109719582,0.7689420157329915,-0.8887046514525506,0.6132271143466046,0.4771246545791096,0.5342313422309545,1.5796770725359806,0.0366527720777462
"Medium/large (G=1, >=20 employees) vs small (G=0)",D3_female,MAR,418,240,1.6765291027744382,0.1719689160583098,3,-0.05701460531528215,0.07345298905064017,-0.007954032403172426,0.8613539534155954,0.16795216685896117,0.00046307675526767423,0.030033146695400442,0.646703781631632,-0.013154459415216403,0.7454293018778638,0.07281182379201728,0.18114206044225528
"Medium/large (G=1, >=20 employees) vs small (G=0)",D3_female,KOR,1485,836,1.1165102311352537,0.34126764829261164,3,0.08898943744928166,0.17839416902467736,0.16460563239846,0.045042698430469263,0.09475286447282709,0.3072999972537129,-0.09182475401117253,0.14331459906783234,0.017485019695316052,0.5776762160200763,-0.011216836060538297,0.6997226301748178
"Medium/large (G=1, >=20 employees) vs small (G=0)",D3_female,Pooled,1903,1076,1.0823621068855267,0.35542356390175417,3,0.019055878948223026,0.674407107568465,0.11508311293348658,0.07087583798597487,0.08860709318144208,0.10451691006216095,-0.04372625201084304,0.41798559920669026,0.017426286272742703,0.486467987465807,0.02209739070029345,0.40764441100026994
"Medium/large (G=1, >=20 employees) vs small (G=0)",D3_lowskill,MAR,407,232,0.6591752474868254,0.5777395062632728,3,-0.010757859214749798,0.839129533960066,0.07791018737819191,0.14224399775902374,-0.02961995914974595,0.5580846434208199,-0.04047663647723545,0.5536448899831317,-0.04020135095269357,0.3846786016479849,-0.1082033610132081,0.25776881274796215
"Medium/large (G=1, >=20 employees) vs small (G=0)",D3_lowskill,KOR,1465,826,2.2243606712715507,0.08368278469016108,3,0.05081340304519578,0.5197207514710713,0.032304626565795684,0.5247511650455097,0.041878763751322864,0.7523511017163685,-0.029290657529247505,0.6164838840132013,0.08132669357523603,0.008586975261697131,-0.026142783001794345,0.44970223831792605
"Medium/large (G=1, >=20 employees) vs small (G=0)",D3_lowskill,Pooled,1872,1058,1.3955798540750495,0.24245248535497443,3,0.025508018367073483,0.6366384298086392,0.04956201647060474,0.25160758564652624,-0.024789223921517355,0.6870399502861007,-0.029430700321968293,0.5397820271478933,0.04423821468825806,0.08064527839742651,-0.032709939085132145,0.3096456141758757
"Medium/large (G=1, >=20 employees) vs small (G=0)",D4_energy,MAR,502,302,5.606155482329927,0.0008988636581687432,3,-0.665213366075342,0.6742440077358473,-1.0673605572608924,0.5255290744690343,1.1093319489146973,0.4577672693265021,3.5040397770576437,0.07109450699746156,3.390865428455941,8.998967064340928e-08,-0.11925431521522656,0.8408815319856374
"Medium/large (G=1, >=20 employees) vs small (G=0)",D4_energy,KOR,1476,829,2.0522074571008004,0.10485656567532946,3,0.22989976876054835,0.7691719526233388,0.09804075120730377,0.8466858076497322,-1.9137448596794249,0.13016475356487914,1.6456933650081629,0.057235394591494466,0.6017086848374225,0.23665199396039438,0.613669192611864,0.08519475579711204
"Medium/large (G=1, >=20 employees) vs small (G=0)",D4_energy,Pooled,1978,1131,0.9077339723105577,0.4365527643505842,3,-0.20417589923850807,0.8013886251568106,0.04638422388234023,0.9295319293466551,0.5486878065323931,0.6776636426234333,1.7849164639155255,0.025084855936661144,0.9939280440489439,0.009078308020985465,0.39842707784983433,0.20909397748268027
"Medium/large (G=1, >=20 employees) vs small (G=0)",D4_co2,MAR,504,303,36.32416005321337,9.191548321470646e-21,3,2.760113935577027,0.007020626851411417,1.5185194345085982,0.10476857626350843,-21.994870873647645,5.658942624630605e-72,-5.85009712047739,0.0004596288797980676,-0.525206024902829,0.5924485869098025,0.6774265089429308,0.2300280487687167
"Medium/large (G=1, >=20 employees) vs small (G=0)",D4_co2,KOR,1495,839,17.992783851848948,2.0200810445260885e-11,3,-0.4378241094098647,0.6954545385035894,-0.3771740333050844,0.3933985364532756,-19.172211090379413,1.1083461942064099e-12,-0.18966507194110704,0.7420659531232043,-0.8936473952536995,0.25025483704391616,0.02850494747300325,0.9380968879325632
"Medium/large (G=1, >=20 employees) vs small (G=0)",D4_co2,Pooled,1999,1142,8.861171191070728,7.977803224455376e-06,3,1.3112898870359753,0.05111940943317675,-0.03089260472360089,0.9412553683298722,-21.005474863439737,4.992511708145915e-07,-1.1423437542487846,0.07391263913559333,-0.5603195043066822,0.24051271293269175,0.009942155004776132,0.9770236559122918
