outcome_key,country,regressor,n,n_influential_cook_gt_4_over_n,max_cooks_d,coef_all,p_all,coef_dropped,p_dropped
D1_sales,MAR,prod_innov,494,33,0.05996667726013819,0.90996680857823,0.3662136392910489,1.5310398903340785,0.02816757163356808
D1_sales,MAR,proc_innov,494,33,0.05996667726013819,0.949960358201581,0.5265337621825067,0.32483843160638654,0.7862602734995983
D1_sales,MAR,web,494,33,0.05996667726013819,0.36182619234292634,0.7689960324775812,0.6560770112697037,0.3562238953172609
D1_sales,KOR,prod_innov,1431,98,0.14084163332322483,8.344827448730086,0.00909569185090665,4.978813449050998,0.00010319433461205856
D1_sales,KOR,proc_innov,1431,98,0.14084163332322483,-10.631913961037698,0.01434651228150398,-6.434011925401417,5.0537432252375984e-08
D1_sales,KOR,web,1431,98,0.14084163332322483,2.0802081232181457,0.07996457041536117,1.3361663543145632,0.09872019754187188
D1_lp,MAR,prod_innov,494,31,0.02775592607142994,2.1637553258682956,0.23291348692800243,0.8641153606184909,0.34460044416621466
D1_lp,MAR,proc_innov,494,31,0.02775592607142994,-2.462014823823006,0.4484412468297795,1.7529644598837941,0.16446010063565902
D1_lp,MAR,web,494,31,0.02775592607142994,-1.1615556667086822,0.5092298575373446,-0.7977110196760095,0.39930609508848935
D1_lp,KOR,prod_innov,1431,94,0.10682044961783858,6.745132990935462,0.04303127253124956,1.736174567165643,0.15615372848866865
D1_lp,KOR,proc_innov,1431,94,0.10682044961783858,-7.464236557101613,0.05736330677402899,-1.9244382227541363,0.18167864576716092
D1_lp,KOR,web,1431,94,0.10682044961783858,0.901447160396028,0.5162295231654745,0.8423409833163882,0.42607216603199033
D2_emp,MAR,prod_innov,495,45,0.05847584468271409,-1.3174538304009933,0.3849688245368394,0.05821301367051208,0.9511624613224552
D2_emp,MAR,proc_innov,495,45,0.05847584468271409,3.4659086991220454,0.21048702131638006,2.4014747481062475,0.06743625769960071
D2_emp,MAR,web,495,45,0.05847584468271409,1.4606372183666665,0.16456877369716996,1.081734666561641,0.18915947030285185
D2_emp,KOR,prod_innov,1456,73,0.045133824083105026,1.7144454696619622,0.4239912585082591,0.25205073394011124,0.6551222008608183
D2_emp,KOR,proc_innov,1456,73,0.045133824083105026,-3.46240626708744,0.06434563458091244,-1.8244352411129117,0.007369099213629059
D2_emp,KOR,web,1456,73,0.045133824083105026,1.1088966448051614,0.15423549222707086,0.36483478272133746,0.45782426597228004
D3_female,MAR,prod_innov,418,27,0.050004902633233164,-0.05407304516274399,0.05059360625286616,-0.04774918863970611,0.03958053426478458
D3_female,MAR,proc_innov,418,27,0.050004902633233164,0.13639121700889706,0.000662195848971571,0.14773086002623492,2.0796978660515402e-05
D3_female,MAR,web,418,27,0.050004902633233164,0.011553971587491673,0.7415908845176908,-0.0029217194976547158,0.9304380964743606
D3_female,KOR,prod_innov,1485,82,0.06100701024676899,0.11160505891542595,0.032207937062199286,0.1235648774254846,8.96781742107199e-05
D3_female,KOR,proc_innov,1485,82,0.06100701024676899,0.008351537757475483,0.8889835708886171,-0.003511912826454494,0.9035730664884489
D3_female,KOR,web,1485,82,0.06100701024676899,0.006845843055009176,0.7686528156378788,0.007703977130588224,0.6686637061439225
D3_lowskill,MAR,prod_innov,407,22,0.04717937809371476,0.0070085604365545135,0.8779305179853218,-0.0031754898081297394,0.9357186134342225
D3_lowskill,MAR,proc_innov,407,22,0.04717937809371476,-0.026074404303627067,0.5495366616420432,-0.004221913956416864,0.9115094018016705
D3_lowskill,MAR,web,407,22,0.04717937809371476,-0.0592744612339822,0.1603826539087643,-0.08418100363707275,0.005076851465472121
D3_lowskill,KOR,prod_innov,1465,93,0.053943716672189466,0.044267636438338386,0.42264054990321526,-0.01072715121651501,0.6934155232853766
D3_lowskill,KOR,proc_innov,1465,93,0.053943716672189466,0.0020516650605826303,0.9786027483200576,0.05263163918739258,0.17853059494376766
D3_lowskill,KOR,web,1465,93,0.053943716672189466,0.04405229313985204,0.06576505272477666,0.035188505903498875,0.028761574683998703
