outcome_key,regressor,effect_MAR,se_MAR,p_MAR,effect_KOR,se_KOR,p_KOR,diff_KOR_minus_MAR,se_diff,p_diff,n,n_MAR,n_KOR,tier,weighted,estimator
D1_sales,prod_innov,0.9685504444378178,1.0474198206560965,0.35526945574164204,8.201103354156954,3.186165749952675,0.010148681913996009,7.232552909719136,3.34453325146424,0.030736657448938085,1925,494,1431,main,True,ols
D1_sales,proc_innov,0.5248149531785352,1.4717925504914997,0.7214545930552936,-10.702957581963432,4.269886085154226,0.012294031078439292,-11.227772535141966,4.458849618766521,0.011902379927342638,1925,494,1431,main,True,ols
D1_sales,web,0.25900017481578663,1.1906721206435897,0.8278292020483993,2.318060429677932,1.172328163800335,0.048188295788206034,2.0590602548621453,1.6385266568695915,0.20907401075625875,1925,494,1431,main,True,ols
D1_lp,prod_innov,2.2894715713920486,1.8115964600685415,0.2065021677798671,6.482770267262072,3.2998103496635176,0.04964548345541964,4.193298695870023,3.7433605798974945,0.26280872652519693,1925,494,1431,main,True,ols
D1_lp,proc_innov,-2.451440493572452,3.175516305256078,0.4402463823178771,-7.609837041493643,3.829650138956989,0.04709398545019774,-5.158396547921191,4.904862852107442,0.29311039359794444,1925,494,1431,main,True,ols
D1_lp,web,-1.229564756585592,1.6608792779859531,0.45922759569012594,1.5353405476742046,1.3536392057118796,0.2568778606748816,2.7649053042597966,2.0773193923724325,0.18339155112859562,1925,494,1431,main,True,ols
D2_emp,prod_innov,-1.429864335083828,1.5129764832056027,0.34477402167664073,1.8061454101285244,2.144932756314899,0.39989048977762714,3.2360097452123524,2.6482863192392054,0.2219241055871532,1951,495,1456,main,True,ols
D2_emp,proc_innov,2.980531764400738,2.6669960169020954,0.2639300501360748,-3.1728309149991216,1.8024404554672215,0.078557472469701,-6.1533626793998595,3.1364959289698358,0.049960206847740725,1951,495,1456,main,True,ols
D2_emp,web,1.2703306782394992,1.012376227892428,0.20974290690880354,0.7998355519675375,0.7549837954411275,0.2895816370015525,-0.4704951262719617,1.260136564563143,0.7089260942836584,1951,495,1456,main,True,ols
D3_female,prod_innov,-0.061999321228254155,0.02996046188033904,0.03868399997014644,0.10622415844295033,0.05166458046272857,0.03995377194331245,0.1682234796712045,0.05977173543604519,0.0049508585475080925,1903,418,1485,main,True,ols
D3_female,proc_innov,0.09934379038089344,0.04346735555383993,0.022425150328237692,0.010644987783834395,0.060463254403508866,0.86027307129312,-0.08869880259705905,0.07469633241690571,0.23523680629404634,1903,418,1485,main,True,ols
D3_female,web,0.029091979609703285,0.03369284489733119,0.3880313750765105,0.011469418970324007,0.023046481120605675,0.6187941597200672,-0.017622560639379278,0.04065788906180336,0.6647616205573439,1903,418,1485,main,True,ols
D3_lowskill,prod_innov,0.004360588603028931,0.04846917765907684,0.9283264084584979,0.04491656964870305,0.05629415182890107,0.4250638711156556,0.04055598104567412,0.0743138590020504,0.5853286945150903,1872,407,1465,main,True,ols
D3_lowskill,proc_innov,-0.03469224009140687,0.043946152419363546,0.42999126967138357,0.008044008302252284,0.07935809757202147,0.9192758998248726,0.04273624839365915,0.09015400812075704,0.6355451418870722,1872,407,1465,main,True,ols
D3_lowskill,web,-0.07101290180941107,0.041178864076912874,0.08482963585837552,0.04654701758350005,0.023679741694699545,0.049523908043139483,0.11755991939291112,0.046883480180837885,0.012267067850318825,1872,407,1465,main,True,ols
D4_energy,prod_innov,-0.8139535594472055,1.2807000141141966,0.52516078830586,0.21325940386188857,0.4491732333503686,0.635008889464181,1.027212963309094,1.3584116717365664,0.4496516036586041,1978,502,1476,main,True,logit
D4_energy,proc_innov,1.7995521323348251,1.2495714297141025,0.15003011250282253,0.6776842317110054,0.707581996576237,0.33833925404906484,-1.1218679006238197,1.4386242672475493,0.43561538424718227,1978,502,1476,main,True,logit
D4_energy,web,1.3873836308062355,0.42129756760931514,0.0010130389962391718,0.5857724477912238,0.2925004331407026,0.045389284751561496,-0.8016111830150117,0.490040248677716,0.10208213797620218,1978,502,1476,main,True,logit
D4_co2,prod_innov,2.3197798563134864,0.8429105874846385,0.005989142981126561,-0.30473738367323344,0.41234306831386547,0.4599936288885076,-2.62451723998672,0.9569989014823451,0.006167325395460703,1999,504,1495,main,True,logit
D4_co2,proc_innov,-5.743215664851918,1.333021424905086,1.7458218936573804e-05,-0.7259611288826466,0.5660372947851016,0.19984445350179197,5.017254535969271,1.4096168934307831,0.00038286218247763514,1999,504,1495,main,True,logit
D4_co2,web,0.4050952184242069,0.9065589216562551,0.6550452318952332,-0.27403939295069857,0.33085167727654496,0.4076346002006591,-0.6791346113749055,0.9942342946571137,0.4946610451769498,1999,504,1495,main,True,logit
