term,coef,se,t,p,ci_low,ci_high,model,outcome_key,outcome,estimator,n,df,weighted,tier,fit,n_treated,n_MAR,n_KOR,wald_F_interactions,wald_p_interactions,ame,ame_se,ame_p,ame_ci_low,ame_ci_high,odds_ratio,y1_among_treated,y1_among_untreated,sparse_cell_flag,p_holm,p_holm_interaction
const,10.198783739911805,2.141931819057697,4.761488507322596,2.7205253825584806e-06,5.987504228982016,14.410063250841596,M1 Morocco,D1_sales,g_sales,ols,494,387,True,main,0.03818328303487395,,494,0,,,,,,,,,,,,,
prod_innov,0.9099668085782502,1.0058771740398054,0.9046500229482692,0.36621363929103756,-1.067701152584656,2.8876347697411564,M1 Morocco,D1_sales,g_sales,ols,494,387,True,main,0.03818328303487395,72.0,494,0,,,,,,,,,,,,1.0,
proc_innov,0.9499603582015897,1.4986444066861166,0.633879760911525,0.5265337621825013,-1.9965435537778653,3.8964642701810446,M1 Morocco,D1_sales,g_sales,ols,494,387,True,main,0.03818328303487395,37.0,494,0,,,,,,,,,,,,1.0,
web,0.3618261923429166,1.2311428805390385,0.2938945577011306,0.7689960324775866,-2.0587395519588982,2.782391936644731,M1 Morocco,D1_sales,g_sales,ols,494,387,True,main,0.03818328303487395,314.0,494,0,,,,,,,,,,,,1.0,
ln_size_init,-0.6678181934023885,0.4885401086886127,-1.3669669726709064,0.1724291727481757,-1.6283431418075494,0.29270675500277255,M1 Morocco,D1_sales,g_sales,ols,494,387,True,main,0.03818328303487395,,494,0,,,,,,,,,,,,,
ln_age,-0.5997427062547346,0.677723854407044,-0.8849366926584916,0.37674025802010563,-1.9322242337892335,0.7327388212797644,M1 Morocco,D1_sales,g_sales,ols,494,387,True,main,0.03818328303487395,,494,0,,,,,,,,,,,,,
foreign_own,-0.7825902402564552,1.3132371784751098,-0.595924523828342,0.5515740142854232,-3.364562632419936,1.7993821519070257,M1 Morocco,D1_sales,g_sales,ols,494,387,True,main,0.03818328303487395,,494,0,,,,,,,,,,,,,
exporter,1.1360265299105103,1.3891462893787967,0.8177875423174636,0.41398171680053547,-1.5951917348794056,3.8672447947004263,M1 Morocco,D1_sales,g_sales,ols,494,387,True,main,0.03818328303487395,,494,0,,,,,,,,,,,,,
corporation,-1.1198391308241746,1.4000180482560565,-0.7998747817709286,0.4242740487168765,-3.8724324996207695,1.63275423797242,M1 Morocco,D1_sales,g_sales,ols,494,387,True,main,0.03818328303487395,,494,0,,,,,,,,,,,,,
sec_Retail,-0.5367431900193073,0.8845803239019103,-0.6067772202435128,0.544354562006934,-2.275927864655025,1.2024414846164104,M1 Morocco,D1_sales,g_sales,ols,494,387,True,main,0.03818328303487395,,494,0,,,,,,,,,,,,,
sec_Other services,-0.366704970164925,0.7448232101900366,-0.4923382691999658,0.622759410829382,-1.8311113982454266,1.0977014579155766,M1 Morocco,D1_sales,g_sales,ols,494,387,True,main,0.03818328303487395,,494,0,,,,,,,,,,,,,
const,3.107979898481623,2.455423815690251,1.2657610790534466,0.20586210155376794,-1.7097733655562029,7.92573316251945,M2 Korea,D1_sales,g_sales,ols,1431,1119,True,main,0.07262912224027473,,0,1431,,,,,,,,,,,,,
prod_innov,8.344827448730102,3.193591299754251,2.6129916653305774,0.009095691850906458,2.078725926835128,14.610928970625077,M2 Korea,D1_sales,g_sales,ols,1431,1119,True,main,0.07262912224027473,111.0,0,1431,,,,,,,,,,,,0.1910095288690356,
proc_innov,-10.63191396103763,4.335486279326192,-2.4523002210238825,0.01434651228150462,-19.1385119014601,-2.125316020615161,M2 Korea,D1_sales,g_sales,ols,1431,1119,True,main,0.07262912224027473,47.0,0,1431,,,,,,,,,,,,0.2869302456300924,
web,2.0802081232181244,1.1870058354294104,1.7524834850248143,0.0799645704153632,-0.24879968452947177,4.40921593096572,M2 Korea,D1_sales,g_sales,ols,1431,1119,True,main,0.07262912224027473,593.0,0,1431,,,,,,,,,,,,1.0,
ln_size_init,1.0630033537789971,0.44079424421722435,2.411563598491878,0.016044519192160957,0.1981270357778061,1.9278796717801883,M2 Korea,D1_sales,g_sales,ols,1431,1119,True,main,0.07262912224027473,,0,1431,,,,,,,,,,,,,
ln_age,-1.8858961324993688,0.8809783222746872,-2.140683924696334,0.03251515349810197,-3.614451569880066,-0.15734069511867155,M2 Korea,D1_sales,g_sales,ols,1431,1119,True,main,0.07262912224027473,,0,1431,,,,,,,,,,,,,
foreign_own,2.6888678924274436,5.601668079857777,0.48001199894294916,0.6313126734219977,-8.302087926824798,13.679823711679687,M2 Korea,D1_sales,g_sales,ols,1431,1119,True,main,0.07262912224027473,,0,1431,,,,,,,,,,,,,
exporter,-1.604674055987504,1.561705047428928,-1.0275141638488758,0.3044004721032943,-4.668874028976688,1.4595259170016803,M2 Korea,D1_sales,g_sales,ols,1431,1119,True,main,0.07262912224027473,,0,1431,,,,,,,,,,,,,
corporation,0.788797029903647,0.8942709632029768,0.8820559565955739,0.37793597847680077,-0.9658397152377424,2.5434337750450364,M2 Korea,D1_sales,g_sales,ols,1431,1119,True,main,0.07262912224027473,,0,1431,,,,,,,,,,,,,
sec_Retail,-0.6166429715065895,1.0546803562188924,-0.5846728517039044,0.5588855726055819,-2.6860167782690523,1.4527308352558732,M2 Korea,D1_sales,g_sales,ols,1431,1119,True,main,0.07262912224027473,,0,1431,,,,,,,,,,,,,
sec_Other services,2.4114485218348,0.9380352952545087,2.5707439091409916,0.010276404233842755,0.5709423832948493,4.25195466037475,M2 Korea,D1_sales,g_sales,ols,1431,1119,True,main,0.07262912224027473,,0,1431,,,,,,,,,,,,,
const,4.902567751616793,1.9945678889420897,2.457959831197871,0.014084830290745741,0.9901421710337828,8.814993332199803,M3 Pooled,D1_sales,g_sales,ols,1925,1506,True,main,0.06381028082738671,,494,1431,,,,,,,,,,,,,
prod_innov,5.467288170607338,2.1450195381358075,2.5488290775005464,0.010907003855772177,1.259745595406205,9.674830745808471,M3 Pooled,D1_sales,g_sales,ols,1925,1506,True,main,0.06381028082738671,183.0,494,1431,,,,,,,,,,,,0.20723307325967136,
proc_innov,-4.89523193569889,2.325381773165849,-2.105130431565379,0.03544521792053447,-9.456562329311627,-0.33390154208615375,M3 Pooled,D1_sales,g_sales,ols,1925,1506,True,main,0.06381028082738671,84.0,494,1431,,,,,,,,,,,,0.602568704649086,
web,1.83592401814774,0.9461141512388092,1.9404889100790266,0.05250672619762676,-0.019917153255863296,3.6917651895513437,M3 Pooled,D1_sales,g_sales,ols,1925,1506,True,main,0.06381028082738671,907.0,494,1431,,,,,,,,,,,,0.7876008929644014,
ln_size_init,0.7312756428936418,0.38248697060270964,1.9118968725688175,0.056079008089758076,-0.01898801888598045,1.4815393046732641,M3 Pooled,D1_sales,g_sales,ols,1925,1506,True,main,0.06381028082738671,,494,1431,,,,,,,,,,,,,
ln_age,-1.6039570222012536,0.6557192762997085,-2.446103203267942,0.014554710452346664,-2.8901769019552908,-0.3177371424472164,M3 Pooled,D1_sales,g_sales,ols,1925,1506,True,main,0.06381028082738671,,494,1431,,,,,,,,,,,,,
foreign_own,0.5082627387475551,2.122191333567885,0.23949901722247174,0.8107512487426389,-3.654501389951216,4.671026867446326,M3 Pooled,D1_sales,g_sales,ols,1925,1506,True,main,0.06381028082738671,,494,1431,,,,,,,,,,,,,
exporter,-0.7885201507930609,1.1382211625924137,-0.692765322511775,0.48856364777723404,-3.0211869943615968,1.4441466927754751,M3 Pooled,D1_sales,g_sales,ols,1925,1506,True,main,0.06381028082738671,,494,1431,,,,,,,,,,,,,
corporation,0.6207721399814798,0.7876773686801855,0.7881045776669091,0.4307595656192054,-0.9242888747655331,2.165833154728493,M3 Pooled,D1_sales,g_sales,ols,1925,1506,True,main,0.06381028082738671,,494,1431,,,,,,,,,,,,,
sec_Retail,-0.24152542560462298,0.823719539330075,-0.29321318006011343,0.7693996075081802,-1.8572846157369614,1.3742337645277156,M3 Pooled,D1_sales,g_sales,ols,1925,1506,True,main,0.06381028082738671,,494,1431,,,,,,,,,,,,,
sec_Other services,1.984020856219341,0.8002954865171344,2.479110390655518,0.013279820545433198,0.41420889301989194,3.5538328194187905,M3 Pooled,D1_sales,g_sales,ols,1925,1506,True,main,0.06381028082738671,,494,1431,,,,,,,,,,,,,
Korea,-1.3594718389282217,0.9709733176778347,-1.4001124584757016,0.16168561750581922,-3.264075270682662,0.545131592826219,M3 Pooled,D1_sales,g_sales,ols,1925,1506,True,main,0.06381028082738671,,494,1431,,,,,,,,,,,,,
const,5.929783508531337,2.0801557693855472,2.8506439737841953,0.004422530529769415,1.849473839022945,10.010093178039728,M4 Pooled x Korea,D1_sales,g_sales,ols,1925,1506,True,main,0.07589662517311369,,494,1431,3.255555954970538,0.02092620934765685,,,,,,,,,,,
prod_innov,0.9685504444378178,1.0474198206560965,0.9247012757798726,0.35526945574164204,-1.0860058946387716,3.023106783514407,M4 Pooled x Korea,D1_sales,g_sales,ols,1925,1506,True,main,0.07589662517311369,183.0,494,1431,3.255555954970538,0.02092620934765685,,,,,,,,,,1.0,
proc_innov,0.5248149531785352,1.4717925504914997,0.3565821507951479,0.7214545930552936,-2.362165658400759,3.4117955647578295,M4 Pooled x Korea,D1_sales,g_sales,ols,1925,1506,True,main,0.07589662517311369,84.0,494,1431,3.255555954970538,0.02092620934765685,,,,,,,,,,1.0,
web,0.25900017481578663,1.1906721206435897,0.2175243463967143,0.8278292020483993,-2.0765513442472243,2.5945516938787976,M4 Pooled x Korea,D1_sales,g_sales,ols,1925,1506,True,main,0.07589662517311369,907.0,494,1431,3.255555954970538,0.02092620934765685,,,,,,,,,,1.0,
ln_size_init,0.6996760063148412,0.3758248313312024,1.8617077637912622,0.06283897000158369,-0.03751959984644049,1.4368716124761227,M4 Pooled x Korea,D1_sales,g_sales,ols,1925,1506,True,main,0.07589662517311369,,494,1431,3.255555954970538,0.02092620934765685,,,,,,,,,,,
ln_age,-1.491682232304283,0.6497763649595153,-2.2956855816034847,0.021830718781736893,-2.7662448511150286,-0.2171196134935378,M4 Pooled x Korea,D1_sales,g_sales,ols,1925,1506,True,main,0.07589662517311369,,494,1431,3.255555954970538,0.02092620934765685,,,,,,,,,,,
foreign_own,0.7725940688909244,2.0959968387577588,0.3686045964405272,0.7124742774285225,-3.338788498852334,4.883976636634183,M4 Pooled x Korea,D1_sales,g_sales,ols,1925,1506,True,main,0.07589662517311369,,494,1431,3.255555954970538,0.02092620934765685,,,,,,,,,,,
exporter,-0.7280711779161323,1.1326999323460933,-0.6427749813740363,0.5204679640207022,-2.9499079050610804,1.4937655492288155,M4 Pooled x Korea,D1_sales,g_sales,ols,1925,1506,True,main,0.07589662517311369,,494,1431,3.255555954970538,0.02092620934765685,,,,,,,,,,,
corporation,0.5363213170330948,0.7778421891230584,0.6894988784778376,0.49061560046477004,-0.9894475952478846,2.0620902293140744,M4 Pooled x Korea,D1_sales,g_sales,ols,1925,1506,True,main,0.07589662517311369,,494,1431,3.255555954970538,0.02092620934765685,,,,,,,,,,,
sec_Retail,-0.14808615798339544,0.8349021179093035,-0.17736948416686402,0.8592420269939826,-1.7857804282565548,1.489608112289764,M4 Pooled x Korea,D1_sales,g_sales,ols,1925,1506,True,main,0.07589662517311369,,494,1431,3.255555954970538,0.02092620934765685,,,,,,,,,,,
sec_Other services,1.9859798961431894,0.7886076424794523,2.518337116159682,0.011893976130865808,0.43909411171579826,3.5328656805705805,M4 Pooled x Korea,D1_sales,g_sales,ols,1925,1506,True,main,0.07589662517311369,,494,1431,3.255555954970538,0.02092620934765685,,,,,,,,,,,
Korea,-2.7904537620226613,1.1348798802135969,-2.4588097918323015,0.014051666800373147,-5.0165665450734735,-0.564340978971849,M4 Pooled x Korea,D1_sales,g_sales,ols,1925,1506,True,main,0.07589662517311369,,494,1431,3.255555954970538,0.02092620934765685,,,,,,,,,,,
prod_innov:Korea,7.232552909719136,3.34453325146424,2.162499926276026,0.030736657448938085,0.6721156738226348,13.792990145615637,M4 Pooled x Korea,D1_sales,g_sales,ols,1925,1506,True,main,0.07589662517311369,,494,1431,3.255555954970538,0.02092620934765685,,,,,,,,,,,0.49178651918300936
proc_innov:Korea,-11.227772535141966,4.458849618766521,-2.518087285986553,0.011902379927342638,-19.973986391862407,-2.481558678421525,M4 Pooled x Korea,D1_sales,g_sales,ols,1925,1506,True,main,0.07589662517311369,,494,1431,3.255555954970538,0.02092620934765685,,,,,,,,,,,0.21424283869216748
web:Korea,2.0590602548621453,1.6385266568695915,1.2566534979638257,0.20907401075625875,-1.1549760496147674,5.2730965593390575,M4 Pooled x Korea,D1_sales,g_sales,ols,1925,1506,True,main,0.07589662517311369,,494,1431,3.255555954970538,0.02092620934765685,,,,,,,,,,,1.0
const,3.0661021573987037,3.49125876269872,0.8782225454490882,0.38036786906429676,-3.7981062940053993,9.930310608802806,M1 Morocco,D1_lp,g_lp,ols,494,387,True,main,0.02321738233936055,,494,0,,,,,,,,,,,,,
prod_innov,2.1637553258683035,1.811041432198869,1.1947574955483975,0.23291348692800024,-1.396956368596046,5.7244670203326535,M1 Morocco,D1_lp,g_lp,ols,494,387,True,main,0.02321738233936055,72.0,494,0,,,,,,,,,,,,1.0,
proc_innov,-2.462014823823008,3.244667455703973,-0.7587880291075443,0.44844124682977893,-8.841396956536338,3.917367308890322,M1 Morocco,D1_lp,g_lp,ols,494,387,True,main,0.02321738233936055,37.0,494,0,,,,,,,,,,,,1.0,
web,-1.1615556667086795,1.7582012933276066,-0.6606499899168521,0.5092298575373445,-4.618377689147367,2.295266355730009,M1 Morocco,D1_lp,g_lp,ols,494,387,True,main,0.02321738233936055,314.0,494,0,,,,,,,,,,,,1.0,
ln_size_init,-0.5488859102895535,0.7644025335822082,-0.7180587271438225,0.4731543245126849,-2.051787496201734,0.9540156756226269,M1 Morocco,D1_lp,g_lp,ols,494,387,True,main,0.02321738233936055,,494,0,,,,,,,,,,,,,
ln_age,0.8495197325132839,1.220976849274774,0.6957705488174284,0.48699014026346055,-1.5510584478568725,3.25009791288344,M1 Morocco,D1_lp,g_lp,ols,494,387,True,main,0.02321738233936055,,494,0,,,,,,,,,,,,,
foreign_own,0.05393705921438374,2.3647891670280656,0.022808400836074876,0.9818148622339053,-4.595505130385844,4.703379248814612,M1 Morocco,D1_lp,g_lp,ols,494,387,True,main,0.02321738233936055,,494,0,,,,,,,,,,,,,
exporter,-0.041999749066288894,2.156361079002717,-0.019477141131536802,0.9844705100572375,-4.281648812296336,4.197649314163758,M1 Morocco,D1_lp,g_lp,ols,494,387,True,main,0.02321738233936055,,494,0,,,,,,,,,,,,,
corporation,-1.3278698674014227,1.7738132947800427,-0.7485961861426244,0.4545553461027752,-4.8153868453266835,2.1596471105238386,M1 Morocco,D1_lp,g_lp,ols,494,387,True,main,0.02321738233936055,,494,0,,,,,,,,,,,,,
sec_Retail,-0.06481443024230304,1.418779688432821,-0.045683223949940274,0.96358629855259,-2.8542952994555097,2.724666438970904,M1 Morocco,D1_lp,g_lp,ols,494,387,True,main,0.02321738233936055,,494,0,,,,,,,,,,,,,
sec_Other services,-0.29645716514423404,1.2314111120758153,-0.2407458908215389,0.8098795555721816,-2.717550282896951,2.124635952608483,M1 Morocco,D1_lp,g_lp,ols,494,387,True,main,0.02321738233936055,,494,0,,,,,,,,,,,,,
const,-7.209073660910429,3.1852744352053435,-2.263250406693979,0.023811201672964605,-13.458856777375342,-0.9592905444455146,M2 Korea,D1_lp,g_lp,ols,1431,1119,True,main,0.10816425904464777,,0,1431,,,,,,,,,,,,,
prod_innov,6.745132990935406,3.329759527039005,2.025711747698948,0.04303127253125093,0.21185766496337344,13.278408316907438,M2 Korea,D1_lp,g_lp,ols,1431,1119,True,main,0.10816425904464777,111.0,0,1431,,,,,,,,,,,,0.7745629055625167,
proc_innov,-7.464236557101515,3.9233986080968597,-1.9024925333095903,0.05736330677403157,-15.162282951168327,0.2338098369652979,M2 Korea,D1_lp,g_lp,ols,1431,1119,True,main,0.10816425904464777,47.0,0,1431,,,,,,,,,,,,0.9178129083845051,
web,0.9014471603960516,1.3881773661661125,0.6493746277434855,0.5162295231654609,-1.8222765382071437,3.625170858999247,M2 Korea,D1_lp,g_lp,ols,1431,1119,True,main,0.10816425904464777,593.0,0,1431,,,,,,,,,,,,1.0,
ln_size_init,4.128945492712422,0.7279690520059175,5.671869540793141,1.7971698994898748e-08,2.7006074379908505,5.557283547433993,M2 Korea,D1_lp,g_lp,ols,1431,1119,True,main,0.10816425904464777,,0,1431,,,,,,,,,,,,,
ln_age,-1.8095878037906412,1.0290941717643773,-1.758427803247696,0.07894808139234526,-3.8287593102893664,0.20958370270808402,M2 Korea,D1_lp,g_lp,ols,1431,1119,True,main,0.10816425904464777,,0,1431,,,,,,,,,,,,,
foreign_own,1.1307609773758276,6.039296497389091,0.1872338902162989,0.8515111960276966,-10.718859534922288,12.980381489673942,M2 Korea,D1_lp,g_lp,ols,1431,1119,True,main,0.10816425904464777,,0,1431,,,,,,,,,,,,,
exporter,-2.922783935412489,1.7937702579617611,-1.6294081822571929,0.10350808837339404,-6.442315863060543,0.5967479922355645,M2 Korea,D1_lp,g_lp,ols,1431,1119,True,main,0.10816425904464777,,0,1431,,,,,,,,,,,,,
corporation,1.253433834926495,1.0532209664678587,1.1900957869554019,0.23426117057344029,-0.8130765232974231,3.3199441931504134,M2 Korea,D1_lp,g_lp,ols,1431,1119,True,main,0.10816425904464777,,0,1431,,,,,,,,,,,,,
sec_Retail,0.6613908361625828,1.774694245231072,0.372678751813086,0.7094581278542353,-2.82071230953311,4.143493981858276,M2 Korea,D1_lp,g_lp,ols,1431,1119,True,main,0.10816425904464777,,0,1431,,,,,,,,,,,,,
sec_Other services,2.301726469702786,1.0820614175441674,2.1271680446076293,0.03362436225124974,0.1786286594792017,4.42482427992637,M2 Korea,D1_lp,g_lp,ols,1431,1119,True,main,0.10816425904464777,,0,1431,,,,,,,,,,,,,
const,-6.481060409730068,2.5922383901816137,-2.5001791634125135,0.012518673533502592,-11.565840850116636,-1.3962799693434986,M3 Pooled,D1_lp,g_lp,ols,1925,1506,True,main,0.0746984888899398,,494,1431,,,,,,,,,,,,,
prod_innov,4.969609142073155,2.2197472172670563,2.238817602029351,0.025313350307856555,0.615485202040281,9.32373308210603,M3 Pooled,D1_lp,g_lp,ols,1925,1506,True,main,0.0746984888899398,183.0,494,1431,,,,,,,,,,,,0.455640305541418,
proc_innov,-5.106780532937368,2.475293481375626,-2.0631010307914326,0.03927410401535562,-9.962168805091363,-0.25139226078337185,M3 Pooled,D1_lp,g_lp,ols,1925,1506,True,main,0.0746984888899398,84.0,494,1431,,,,,,,,,,,,0.6283856642456899,
web,0.8429092066091238,1.1303778658181756,0.7456879969947219,0.4559722796534038,-1.3743726931298443,3.0601911063480918,M3 Pooled,D1_lp,g_lp,ols,1925,1506,True,main,0.0746984888899398,907.0,494,1431,,,,,,,,,,,,1.0,
ln_size_init,3.1546398344603506,0.6049426942754137,5.214774662646195,2.0961650734275683e-07,1.9680202739071757,4.341259395013525,M3 Pooled,D1_lp,g_lp,ols,1925,1506,True,main,0.0746984888899398,,494,1431,,,,,,,,,,,,,
ln_age,-1.223501301586271,0.8046352630873184,-1.5205663456654865,0.1285786118328866,-2.8018259120419677,0.3548233088694257,M3 Pooled,D1_lp,g_lp,ols,1925,1506,True,main,0.0746984888899398,,494,1431,,,,,,,,,,,,,
foreign_own,0.3527137058760249,2.490147985568972,0.14164367255283167,0.8873804136025643,-4.53181227701478,5.23723968876683,M3 Pooled,D1_lp,g_lp,ols,1925,1506,True,main,0.0746984888899398,,494,1431,,,,,,,,,,,,,
exporter,-1.8095284391779316,1.4288341332680117,-1.2664370181577345,0.20555250663213814,-4.6122443780036315,0.9931874996477683,M3 Pooled,D1_lp,g_lp,ols,1925,1506,True,main,0.0746984888899398,,494,1431,,,,,,,,,,,,,
corporation,1.0038361573092238,0.9422393787213014,1.065372749196191,0.2868780557269575,-0.8444044910936417,2.8520768057120893,M3 Pooled,D1_lp,g_lp,ols,1925,1506,True,main,0.0746984888899398,,494,1431,,,,,,,,,,,,,
sec_Retail,0.8273598524124927,1.3899293099689,0.5952531876826204,0.5517636735832069,-1.8990427020820082,3.5537624069069933,M3 Pooled,D1_lp,g_lp,ols,1925,1506,True,main,0.0746984888899398,,494,1431,,,,,,,,,,,,,
sec_Other services,1.9466691318814233,0.9219626330270326,2.111440379627995,0.034898847543379366,0.1382021402114506,3.755136123551396,M3 Pooled,D1_lp,g_lp,ols,1925,1506,True,main,0.0746984888899398,,494,1431,,,,,,,,,,,,,
Korea,0.43356876005600437,1.1559265179253477,0.375083323492026,0.7076513143286159,-1.8338278540567792,2.700965374168788,M3 Pooled,D1_lp,g_lp,ols,1925,1506,True,main,0.0746984888899398,,494,1431,,,,,,,,,,,,,
const,-5.017951311121269,2.8154980650162584,-1.7822606143727868,0.07490815868059739,-10.54066463299978,0.5047620107572417,M4 Pooled x Korea,D1_lp,g_lp,ols,1925,1506,True,main,0.07846297057423202,,494,1431,1.1292949751473194,0.33595893851124353,,,,,,,,,,,
prod_innov,2.2894715713920486,1.8115964600685415,1.2637867327834296,0.2065021677798671,-1.264048151531544,5.842991294315642,M4 Pooled x Korea,D1_lp,g_lp,ols,1925,1506,True,main,0.07846297057423202,183.0,494,1431,1.1292949751473194,0.33595893851124353,,,,,,,,,,1.0,
proc_innov,-2.451440493572452,3.175516305256078,-0.7719817056252729,0.4402463823178771,-8.68034415391963,3.7774631667747265,M4 Pooled x Korea,D1_lp,g_lp,ols,1925,1506,True,main,0.07846297057423202,84.0,494,1431,1.1292949751473194,0.33595893851124353,,,,,,,,,,1.0,
web,-1.229564756585592,1.6608792779859531,-0.7403095293455706,0.45922759569012594,-4.487446631390581,2.0283171182193964,M4 Pooled x Korea,D1_lp,g_lp,ols,1925,1506,True,main,0.07846297057423202,907.0,494,1431,1.1292949751473194,0.33595893851124353,,,,,,,,,,1.0,
ln_size_init,3.0715334742922535,0.6047743479370152,5.078809120740255,4.271926683591096e-07,1.885244131890288,4.257822816694219,M4 Pooled x Korea,D1_lp,g_lp,ols,1925,1506,True,main,0.07846297057423202,,494,1431,1.1292949751473194,0.33595893851124353,,,,,,,,,,,
ln_age,-1.1002693981420058,0.7956397102965828,-1.3828739112730675,0.16690852891696006,-2.660948867991019,0.46041007170700743,M4 Pooled x Korea,D1_lp,g_lp,ols,1925,1506,True,main,0.07846297057423202,,494,1431,1.1292949751473194,0.33595893851124353,,,,,,,,,,,
foreign_own,0.7893605851969847,2.5151698747866,0.313839869469635,0.7536861261250157,-4.144246845355893,5.722968015749862,M4 Pooled x Korea,D1_lp,g_lp,ols,1925,1506,True,main,0.07846297057423202,,494,1431,1.1292949751473194,0.33595893851124353,,,,,,,,,,,
exporter,-1.8613501546861884,1.4463390125817326,-1.2869390499006563,0.1983133018401106,-4.6984026222365864,0.9757023128642095,M4 Pooled x Korea,D1_lp,g_lp,ols,1925,1506,True,main,0.07846297057423202,,494,1431,1.1292949751473194,0.33595893851124353,,,,,,,,,,,
corporation,0.9838126122010598,0.9247001151883536,1.0639261270132592,0.28753272293146376,-0.8300240614404915,2.7976492858426107,M4 Pooled x Korea,D1_lp,g_lp,ols,1925,1506,True,main,0.07846297057423202,,494,1431,1.1292949751473194,0.33595893851124353,,,,,,,,,,,
sec_Retail,0.8672916630666297,1.4010112683609488,0.6190468860976966,0.5359790996234242,-1.880848601002151,3.6154319271354107,M4 Pooled x Korea,D1_lp,g_lp,ols,1925,1506,True,main,0.07846297057423202,,494,1431,1.1292949751473194,0.33595893851124353,,,,,,,,,,,
sec_Other services,1.9074507633512359,0.928199349856754,2.0550011844391043,0.0400510561893086,0.08675019938786965,3.728151327314602,M4 Pooled x Korea,D1_lp,g_lp,ols,1925,1506,True,main,0.07846297057423202,,494,1431,1.1292949751473194,0.33595893851124353,,,,,,,,,,,
Korea,-1.3969986397927143,1.4740348606003737,-0.9477378569077515,0.3434149692460954,-4.288377633336441,1.494380353751012,M4 Pooled x Korea,D1_lp,g_lp,ols,1925,1506,True,main,0.07846297057423202,,494,1431,1.1292949751473194,0.33595893851124353,,,,,,,,,,,
prod_innov:Korea,4.193298695870023,3.7433605798974945,1.1201963065991494,0.26280872652519693,-3.149454474544739,11.536051866284787,M4 Pooled x Korea,D1_lp,g_lp,ols,1925,1506,True,main,0.07846297057423202,,494,1431,1.1292949751473194,0.33595893851124353,,,,,,,,,,,1.0
proc_innov:Korea,-5.158396547921191,4.904862852107442,-1.0516902721764818,0.29311039359794444,-14.77948339997853,4.462690304136148,M4 Pooled x Korea,D1_lp,g_lp,ols,1925,1506,True,main,0.07846297057423202,,494,1431,1.1292949751473194,0.33595893851124353,,,,,,,,,,,1.0
web:Korea,2.7649053042597966,2.0773193923724325,1.330996723186653,0.18339155112859562,-1.3098406970256127,6.839651305545206,M4 Pooled x Korea,D1_lp,g_lp,ols,1925,1506,True,main,0.07846297057423202,,494,1431,1.1292949751473194,0.33595893851124353,,,,,,,,,,,1.0
const,7.685077921029863,2.590060848275764,2.967141843847381,0.0031919912377828515,2.592767373047854,12.777388469011871,M1 Morocco,D2_emp,g_emp,ols,495,388,True,main,0.07292935306251169,,495,0,,,,,,,,,,,,,
prod_innov,-1.3174538304009873,1.514731043682041,-0.8697608964285118,0.3849688245368424,-4.29556180660271,1.6606541458007358,M1 Morocco,D2_emp,g_emp,ols,495,388,True,main,0.07292935306251169,72.0,495,0,,,,,,,,,,,,1.0,
proc_innov,3.4659086991220525,2.763215026908087,1.2543029280642874,0.2104870213163812,-1.9668397389054872,8.898657137149591,M1 Morocco,D2_emp,g_emp,ols,495,388,True,main,0.07292935306251169,38.0,495,0,,,,,,,,,,,,1.0,
web,1.4606372183666319,1.0489322095399818,1.3924991577932446,0.16456877369717807,-0.6016651241881463,3.52293956092141,M1 Morocco,D2_emp,g_emp,ols,495,388,True,main,0.07292935306251169,315.0,495,0,,,,,,,,,,,,1.0,
ln_size_init,-0.12331829565119724,0.45278098649268467,-0.2723574958534387,0.7854920310062293,-1.0135295796746333,0.7668929883722387,M1 Morocco,D2_emp,g_emp,ols,495,388,True,main,0.07292935306251169,,495,0,,,,,,,,,,,,,
ln_age,-1.6226002766954064,0.8385997882573317,-1.9348923043103574,0.053730020169265494,-3.2713687023951947,0.026168149004381913,M1 Morocco,D2_emp,g_emp,ols,495,388,True,main,0.07292935306251169,,495,0,,,,,,,,,,,,,
foreign_own,-0.9483776180521521,1.6928595318911126,-0.5602222749058858,0.5756511451656245,-4.276703458829143,2.3799482227248383,M1 Morocco,D2_emp,g_emp,ols,495,388,True,main,0.07292935306251169,,495,0,,,,,,,,,,,,,
exporter,1.360337621349928,1.3412254915462718,1.0142497513834323,0.31109564090194647,-1.276641630458078,3.997316873157934,M1 Morocco,D2_emp,g_emp,ols,495,388,True,main,0.07292935306251169,,495,0,,,,,,,,,,,,,
corporation,0.21932643049023964,1.2935582837892352,0.16955280116777127,0.8654502084173364,-2.3239344729571094,2.7625873339375886,M1 Morocco,D2_emp,g_emp,ols,495,388,True,main,0.07292935306251169,,495,0,,,,,,,,,,,,,
sec_Retail,-0.487434734629041,1.109223171674697,-0.43943793014449534,0.6605888879466026,-2.668274949616809,1.6934054803587268,M1 Morocco,D2_emp,g_emp,ols,495,388,True,main,0.07292935306251169,,495,0,,,,,,,,,,,,,
sec_Other services,-0.06109161397636443,0.9218434837308,-0.06627113501862603,0.9471960971585838,-1.8735252094711952,1.7513419815184663,M1 Morocco,D2_emp,g_emp,ols,495,388,True,main,0.07292935306251169,,495,0,,,,,,,,,,,,,
const,9.118916798328119,1.8323731822053155,4.976560935776866,7.468684561119971e-07,5.5237143141636915,12.714119282492547,M2 Korea,D2_emp,g_emp,ols,1456,1140,True,main,0.10946167089025405,,0,1456,,,,,,,,,,,,,
prod_innov,1.7144454696620308,2.1435832685419944,0.7998035321614303,0.4239912585082415,-2.491365861193805,5.920256800517866,M2 Korea,D2_emp,g_emp,ols,1456,1140,True,main,0.10946167089025405,112.0,0,1456,,,,,,,,,,,,1.0,
proc_innov,-3.4624062670874487,1.8699811422264436,-1.8515728254697938,0.06434563458090904,-7.131397340064112,0.20658480588921435,M2 Korea,D2_emp,g_emp,ols,1456,1140,True,main,0.10946167089025405,48.0,0,1456,,,,,,,,,,,,0.9651845187136356,
web,1.1088966448051225,0.777803832193165,1.4256764995337947,0.15423549222708383,-0.41719110677830384,2.634984396388549,M2 Korea,D2_emp,g_emp,ols,1456,1140,True,main,0.10946167089025405,597.0,0,1456,,,,,,,,,,,,1.0,
ln_size_init,-2.658506515268782,0.5024946957974615,-5.2906160751601945,1.4609447280809948e-07,-3.64442477479942,-1.6725882557381437,M2 Korea,D2_emp,g_emp,ols,1456,1140,True,main,0.10946167089025405,,0,1456,,,,,,,,,,,,,
ln_age,-0.14795124288588699,0.5304791492144296,-0.27890114645407543,0.7803712730776013,-1.1887763180257673,0.8928738322539934,M2 Korea,D2_emp,g_emp,ols,1456,1140,True,main,0.10946167089025405,,0,1456,,,,,,,,,,,,,
foreign_own,2.8569030922225904,1.7210455770424444,1.6599810779747488,0.09719327819792571,-0.5198693873311364,6.233675571776317,M2 Korea,D2_emp,g_emp,ols,1456,1140,True,main,0.10946167089025405,,0,1456,,,,,,,,,,,,,
exporter,1.3998177488033288,0.723910417659588,1.9336891895118158,0.05339866289944251,-0.020528585205962457,2.82016408281262,M2 Korea,D2_emp,g_emp,ols,1456,1140,True,main,0.10946167089025405,,0,1456,,,,,,,,,,,,,
corporation,-0.23912461186388695,0.6791498534050766,-0.3520940344240373,0.7248328174621743,-1.5716486106833862,1.0933993869556122,M2 Korea,D2_emp,g_emp,ols,1456,1140,True,main,0.10946167089025405,,0,1456,,,,,,,,,,,,,
sec_Retail,-1.0726052899807448,1.1168976396627246,-0.9603434118677563,0.33708604436218365,-3.2640110623791774,1.1188004824176876,M2 Korea,D2_emp,g_emp,ols,1456,1140,True,main,0.10946167089025405,,0,1456,,,,,,,,,,,,,
sec_Other services,0.12790968474539752,0.615716421166896,0.20774122688328683,0.8354681299674769,-1.0801549324500426,1.3359743019408377,M2 Korea,D2_emp,g_emp,ols,1456,1140,True,main,0.10946167089025405,,0,1456,,,,,,,,,,,,,
const,10.595877054162008,1.5897152757754438,6.665267180623567,3.678321452800269e-11,7.477622358772527,13.71413174955149,M3 Pooled,D2_emp,g_emp,ols,1951,1528,True,main,0.0959007844261972,,495,1456,,,,,,,,,,,,,
prod_innov,0.5398550317568205,1.4720822575717134,0.36672884886700774,0.7138720613639434,-2.3476604130661127,3.4273704765797537,M3 Pooled,D2_emp,g_emp,ols,1951,1528,True,main,0.0959007844261972,184.0,495,1456,,,,,,,,,,,,1.0,
proc_innov,0.10688563744401194,1.9988913951014886,0.053472458636796075,0.9573624639596455,-3.8139752697448173,4.0277465446328415,M3 Pooled,D2_emp,g_emp,ols,1951,1528,True,main,0.0959007844261972,86.0,495,1456,,,,,,,,,,,,1.0,
web,0.9469365274480969,0.606992022865152,1.5600477300810693,0.11895568081966827,-0.24368908595928251,2.137562140855476,M3 Pooled,D2_emp,g_emp,ols,1951,1528,True,main,0.0959007844261972,912.0,495,1456,,,,,,,,,,,,1.0,
ln_size_init,-2.0851458189290235,0.3932284174559442,-5.302632582912539,1.3087531306447078e-07,-2.856470330794492,-1.313821307063555,M3 Pooled,D2_emp,g_emp,ols,1951,1528,True,main,0.0959007844261972,,495,1456,,,,,,,,,,,,,
ln_age,-0.5026929388164187,0.44683080132214165,-1.1250185469063119,0.26075786049702726,-1.3791594768810804,0.37377359924824305,M3 Pooled,D2_emp,g_emp,ols,1951,1528,True,main,0.0959007844261972,,495,1456,,,,,,,,,,,,,
foreign_own,0.4808912861707493,1.2073052345076587,0.3983179004163414,0.6904515151238972,-1.8872593340309953,2.849041906372494,M3 Pooled,D2_emp,g_emp,ols,1951,1528,True,main,0.0959007844261972,,495,1456,,,,,,,,,,,,,
exporter,1.17578035297986,0.6830720682378726,1.721312300198472,0.08539658166914416,-0.1640776181484387,2.515638324108159,M3 Pooled,D2_emp,g_emp,ols,1951,1528,True,main,0.0959007844261972,,495,1456,,,,,,,,,,,,,
corporation,-0.17419245467314395,0.6106930152356845,-0.2852373456505277,0.7755009675685222,-1.3720776302253135,1.0236927208790256,M3 Pooled,D2_emp,g_emp,ols,1951,1528,True,main,0.0959007844261972,,495,1456,,,,,,,,,,,,,
sec_Retail,-0.8814011605263857,0.9142209786664749,-0.9641007820801032,0.33514795205641734,-2.674661817193177,0.9118594961404055,M3 Pooled,D2_emp,g_emp,ols,1951,1528,True,main,0.0959007844261972,,495,1456,,,,,,,,,,,,,
sec_Other services,0.09833739805302277,0.5332102846036146,0.18442517125513852,0.853704397306232,-0.9475640277756653,1.144238823881711,M3 Pooled,D2_emp,g_emp,ols,1951,1528,True,main,0.0959007844261972,,495,1456,,,,,,,,,,,,,
Korea,-1.8891087611720974,0.5892488320341203,-3.2059609768776074,0.0013739615082554767,-3.0449307912188854,-0.7332867311253093,M3 Pooled,D2_emp,g_emp,ols,1951,1528,True,main,0.0959007844261972,,495,1456,,,,,,,,,,,,,
const,10.27765972980992,1.7140213423208461,5.996226228953254,2.5158774282251e-09,6.915576481234069,13.639742978385772,M4 Pooled x Korea,D2_emp,g_emp,ols,1951,1528,True,main,0.10162698649126611,,495,1456,1.3301230756258804,0.26292869916180767,,,,,,,,,,,
prod_innov,-1.429864335083828,1.5129764832056027,-0.9450671249392577,0.34477402167664073,-4.397594528447181,1.5378658582795253,M4 Pooled x Korea,D2_emp,g_emp,ols,1951,1528,True,main,0.10162698649126611,184.0,495,1456,1.3301230756258804,0.26292869916180767,,,,,,,,,,1.0,
proc_innov,2.980531764400738,2.6669960169020954,1.117561385735715,0.2639300501360748,-2.250828202391665,8.211891731193141,M4 Pooled x Korea,D2_emp,g_emp,ols,1951,1528,True,main,0.10162698649126611,86.0,495,1456,1.3301230756258804,0.26292869916180767,,,,,,,,,,1.0,
web,1.2703306782394992,1.012376227892428,1.2548009754082063,0.20974290690880354,-0.7154632398483691,3.2561245963273677,M4 Pooled x Korea,D2_emp,g_emp,ols,1951,1528,True,main,0.10162698649126611,912.0,495,1456,1.3301230756258804,0.26292869916180767,,,,,,,,,,1.0,
ln_size_init,-2.0444228676750624,0.39886177954296115,-5.125642446909002,3.343479113619779e-07,-2.8267973191406277,-1.2620484162094971,M4 Pooled x Korea,D2_emp,g_emp,ols,1951,1528,True,main,0.10162698649126611,,495,1456,1.3301230756258804,0.26292869916180767,,,,,,,,,,,
ln_age,-0.5005860518673203,0.45476005581899714,-1.1007696156730238,0.2711703142213848,-1.392605963194812,0.3914338594601713,M4 Pooled x Korea,D2_emp,g_emp,ols,1951,1528,True,main,0.10162698649126611,,495,1456,1.3301230756258804,0.26292869916180767,,,,,,,,,,,
foreign_own,0.40074430183312754,1.189503923800089,0.3369003614152664,0.7362382790404827,-1.9324887318398665,2.7339773355061214,M4 Pooled x Korea,D2_emp,g_emp,ols,1951,1528,True,main,0.10162698649126611,,495,1456,1.3301230756258804,0.26292869916180767,,,,,,,,,,,
exporter,1.2703634571688105,0.7050724468475738,1.8017488314125603,0.07178197558727402,-0.11264864661798168,2.6533755609556025,M4 Pooled x Korea,D2_emp,g_emp,ols,1951,1528,True,main,0.10162698649126611,,495,1456,1.3301230756258804,0.26292869916180767,,,,,,,,,,,
corporation,-0.23114353791468611,0.6151715720273361,-0.3757383280130098,0.7071635960811662,-1.43781348200808,0.9755264061787078,M4 Pooled x Korea,D2_emp,g_emp,ols,1951,1528,True,main,0.10162698649126611,,495,1456,1.3301230756258804,0.26292869916180767,,,,,,,,,,,
sec_Retail,-0.8317120107343267,0.9029785646655594,-0.9210761398775529,0.35715607265839167,-2.602920473036459,0.9394964515678058,M4 Pooled x Korea,D2_emp,g_emp,ols,1951,1528,True,main,0.10162698649126611,,495,1456,1.3301230756258804,0.26292869916180767,,,,,,,,,,,
sec_Other services,0.12937849635828136,0.5307356444094431,0.2437720129052998,0.8074401212381302,-0.9116688788599219,1.1704258715764846,M4 Pooled x Korea,D2_emp,g_emp,ols,1951,1528,True,main,0.10162698649126611,,495,1456,1.3301230756258804,0.26292869916180767,,,,,,,,,,,
Korea,-1.636390967634666,0.9098639600722398,-1.7985006983953322,0.07229499487595806,-3.421105255089055,0.14832331981972313,M4 Pooled x Korea,D2_emp,g_emp,ols,1951,1528,True,main,0.10162698649126611,,495,1456,1.3301230756258804,0.26292869916180767,,,,,,,,,,,
prod_innov:Korea,3.2360097452123524,2.6482863192392054,1.2219259381825402,0.2219241055871532,-1.95865081793485,8.430670308359556,M4 Pooled x Korea,D2_emp,g_emp,ols,1951,1528,True,main,0.10162698649126611,,495,1456,1.3301230756258804,0.26292869916180767,,,,,,,,,,,1.0
proc_innov:Korea,-6.1533626793998595,3.1364959289698358,-1.961858972162255,0.049960206847740725,-12.305655046855048,-0.0010703119446722198,M4 Pooled x Korea,D2_emp,g_emp,ols,1951,1528,True,main,0.10162698649126611,,495,1456,1.3301230756258804,0.26292869916180767,,,,,,,,,,,0.7494031027161109
web:Korea,-0.4704951262719617,1.260136564563143,-0.3733683630036323,0.7089260942836584,-2.9422753369541947,2.001285084410271,M4 Pooled x Korea,D2_emp,g_emp,ols,1951,1528,True,main,0.10162698649126611,,495,1456,1.3301230756258804,0.26292869916180767,,,,,,,,,,,1.0
const,0.3280045101531088,0.08603003260016556,3.812674484008943,0.00016546434607262725,0.15873631754443532,0.49727270276178226,M1 Morocco,D3_female,female_share,ols,418,314,True,main,0.09632572702037823,,418,0,,,,,,,,,,,,,
prod_innov,-0.05407304516274368,0.02755393182013996,-1.962443890610927,0.05059360625286761,-0.10828672028866397,0.00014062996317661114,M1 Morocco,D3_female,female_share,ols,418,314,True,main,0.09632572702037823,68.0,418,0,,,,,,,,,,,,0.8600913062987493,
proc_innov,0.13639121700889742,0.03965762201029931,3.4392182409090455,0.00066219584897156,0.05836295411098945,0.21441947990680538,M1 Morocco,D3_female,female_share,ols,418,314,True,main,0.09632572702037823,35.0,418,0,,,,,,,,,,,,0.0132439169794312,
web,0.011553971587490965,0.03500794177969052,0.3300385855358648,0.7415908845177074,-0.05732582367584918,0.08043376685083112,M1 Morocco,D3_female,female_share,ols,418,314,True,main,0.09632572702037823,264.0,418,0,,,,,,,,,,,,1.0,
ln_size_cur,-0.012381406230842194,0.015280921356432197,-0.8102525981282201,0.41840864930068433,-0.04244734787031542,0.017684535408631033,M1 Morocco,D3_female,female_share,ols,418,314,True,main,0.09632572702037823,,418,0,,,,,,,,,,,,,
ln_age,0.03468898982710733,0.02521445920188002,1.3757578359848732,0.16987714164366474,-0.014921661334021633,0.0842996409882363,M1 Morocco,D3_female,female_share,ols,418,314,True,main,0.09632572702037823,,418,0,,,,,,,,,,,,,
foreign_own,-0.06203458904329182,0.04360880987362486,-1.4225242381771832,0.15586676523683443,-0.1478370025263892,0.023767824439805567,M1 Morocco,D3_female,female_share,ols,418,314,True,main,0.09632572702037823,,418,0,,,,,,,,,,,,,
exporter,-0.005579933802277919,0.02834380853998257,-0.19686605610557623,0.8440597193519808,-0.06134772905009584,0.05018786144554,M1 Morocco,D3_female,female_share,ols,418,314,True,main,0.09632572702037823,,418,0,,,,,,,,,,,,,
corporation,-0.04591681081726173,0.0453197449676485,-1.0131745191867132,0.3117568736144172,-0.135085570706179,0.04325194907165551,M1 Morocco,D3_female,female_share,ols,418,314,True,main,0.09632572702037823,,418,0,,,,,,,,,,,,,
sec_Retail,-0.11820071790304712,0.05057384515817732,-2.337190647326826,0.020057459718670324,-0.21770717052734978,-0.018694265278744474,M1 Morocco,D3_female,female_share,ols,418,314,True,main,0.09632572702037823,,418,0,,,,,,,,,,,,,
sec_Other services,-0.10991688477481536,0.04364463019714595,-2.5184515088869546,0.012283968115694849,-0.19578977645300133,-0.02404399309662937,M1 Morocco,D3_female,female_share,ols,418,314,True,main,0.09632572702037823,,418,0,,,,,,,,,,,,,
const,0.3984545278801303,0.056859739212127496,7.007674206763593,4.082621062619129e-12,0.2868960817277878,0.5100129740324728,M2 Korea,D3_female,female_share,ols,1485,1170,True,main,0.08548295405084916,,0,1485,,,,,,,,,,,,,
prod_innov,0.11160505891542648,0.05204536281409559,2.144380457372855,0.03220793706219905,0.009492388589688483,0.21371772924116447,M2 Korea,D3_female,female_share,ols,1485,1170,True,main,0.08548295405084916,116.0,0,1485,,,,,,,,,,,,0.6119508041817819,
proc_innov,0.008351537757477817,0.05981582171258671,0.13962088153877938,0.8889835708885867,-0.10900672343128372,0.12570979894623935,M2 Korea,D3_female,female_share,ols,1485,1170,True,main,0.08548295405084916,48.0,0,1485,,,,,,,,,,,,1.0,
web,0.006845843055009104,0.023268890254458434,0.2942058250370323,0.7686528156378802,-0.03880757140741789,0.0524992575174361,M2 Korea,D3_female,female_share,ols,1485,1170,True,main,0.08548295405084916,601.0,0,1485,,,,,,,,,,,,1.0,
ln_size_cur,0.003536717405115431,0.011229991463565738,0.31493500387688234,0.7528671598976491,-0.018496454314255686,0.02556988912448655,M2 Korea,D3_female,female_share,ols,1485,1170,True,main,0.08548295405084916,,0,1485,,,,,,,,,,,,,
ln_age,-0.031168435076393896,0.019531545407376914,-1.5957997396673904,0.11080356458520332,-0.06948920275476825,0.007152332601980459,M2 Korea,D3_female,female_share,ols,1485,1170,True,main,0.08548295405084916,,0,1485,,,,,,,,,,,,,
foreign_own,0.07674257991413595,0.0919463258839229,0.8346454214061709,0.40408776501237065,-0.1036555257957751,0.257140685624047,M2 Korea,D3_female,female_share,ols,1485,1170,True,main,0.08548295405084916,,0,1485,,,,,,,,,,,,,
exporter,0.03212194001419302,0.030893781777271454,1.03975422127909,0.2986689177441983,-0.028491463047403666,0.0927353430757897,M2 Korea,D3_female,female_share,ols,1485,1170,True,main,0.08548295405084916,,0,1485,,,,,,,,,,,,,
corporation,-0.08649405487262045,0.02586796858213664,-3.3436740344717175,0.0008529473166072999,-0.1372468444584945,-0.035741265286746406,M2 Korea,D3_female,female_share,ols,1485,1170,True,main,0.08548295405084916,,0,1485,,,,,,,,,,,,,
sec_Retail,0.16551736977212014,0.03184828048227652,5.197058279621411,2.3873235102204697e-07,0.10303124633121372,0.22800349321302657,M2 Korea,D3_female,female_share,ols,1485,1170,True,main,0.08548295405084916,,0,1485,,,,,,,,,,,,,
sec_Other services,0.07639887044119346,0.02314550442700872,3.3008081842469097,0.0009931531841665165,0.030987538186286953,0.12181020269609998,M2 Korea,D3_female,female_share,ols,1485,1170,True,main,0.08548295405084916,,0,1485,,,,,,,,,,,,,
const,0.2791224543628069,0.051030661008306166,5.46970093758681,5.282927357300926e-08,0.1790225553813074,0.37922235334430643,M3 Pooled,D3_female,female_share,ols,1903,1484,True,main,0.07219800602532878,,418,1485,,,,,,,,,,,,,
prod_innov,0.04714645763177058,0.037484731454059866,1.2577509776094256,0.2086797066182194,-0.02638223585878187,0.12067515112232303,M3 Pooled,D3_female,female_share,ols,1903,1484,True,main,0.07219800602532878,184.0,418,1485,,,,,,,,,,,,1.0,
proc_innov,0.04498305074309489,0.04202753727687221,1.0703232608361541,0.2846478761129384,-0.037456646347471034,0.1274227478336608,M3 Pooled,D3_female,female_share,ols,1903,1484,True,main,0.07219800602532878,83.0,418,1485,,,,,,,,,,,,1.0,
web,0.017699779839846615,0.019533116451217764,0.906142134771492,0.36500772463988634,-0.02061567492650474,0.05601523460619797,M3 Pooled,D3_female,female_share,ols,1903,1484,True,main,0.07219800602532878,865.0,418,1485,,,,,,,,,,,,1.0,
ln_size_cur,0.0032591620085338537,0.009398188529159848,0.34678619166040575,0.728801118471273,-0.015175984701105337,0.021694308718173044,M3 Pooled,D3_female,female_share,ols,1903,1484,True,main,0.07219800602532878,,418,1485,,,,,,,,,,,,,
ln_age,-0.015501854036625639,0.015914988022969753,-0.9740412002982443,0.33019482390537386,-0.04672011893685382,0.01571641086360254,M3 Pooled,D3_female,female_share,ols,1903,1484,True,main,0.07219800602532878,,418,1485,,,,,,,,,,,,,
foreign_own,0.003119328464551462,0.049422115590556905,0.06311604485720301,0.9496825976657639,-0.09382530600258783,0.10006396293169074,M3 Pooled,D3_female,female_share,ols,1903,1484,True,main,0.07219800602532878,,418,1485,,,,,,,,,,,,,
exporter,0.0051401027993179475,0.023007204087088815,0.2234127527995664,0.8232450288527288,-0.039989996624428016,0.05027020222306391,M3 Pooled,D3_female,female_share,ols,1903,1484,True,main,0.07219800602532878,,418,1485,,,,,,,,,,,,,
corporation,-0.08444773203338778,0.023093541667975028,-3.656768340150081,0.00026433426799484357,-0.12974718813318403,-0.039148275933591506,M3 Pooled,D3_female,female_share,ols,1903,1484,True,main,0.07219800602532878,,418,1485,,,,,,,,,,,,,
sec_Retail,0.1268532030016103,0.02709962043138188,4.68099556312279,3.115287719820271e-06,0.07369556768944432,0.18001083831377626,M3 Pooled,D3_female,female_share,ols,1903,1484,True,main,0.07219800602532878,,418,1485,,,,,,,,,,,,,
sec_Other services,0.04925021907991861,0.02045282391427413,2.407991154979173,0.01616189907030002,0.009130699417572892,0.08936973874226434,M3 Pooled,D3_female,female_share,ols,1903,1484,True,main,0.07219800602532878,,418,1485,,,,,,,,,,,,,
Korea,0.09709229068433027,0.021589518208756805,4.497195803329655,7.4213665928418285e-06,0.05474307260533966,0.1394415087633209,M3 Pooled,D3_female,female_share,ols,1903,1484,True,main,0.07219800602532878,,418,1485,,,,,,,,,,,,,
const,0.28055618477165145,0.052584327212993325,5.335357503677016,1.1014295639730959e-07,0.17740867035528934,0.38370369918801356,M4 Pooled x Korea,D3_female,female_share,ols,1903,1484,True,main,0.07851504491131567,,418,1485,2.7287919567788905,0.04269066242670152,,,,,,,,,,,
prod_innov,-0.061999321228254155,0.02996046188033904,-2.0693713426674503,0.03868399997014644,-0.12076867965715746,-0.0032299627993508523,M4 Pooled x Korea,D3_female,female_share,ols,1903,1484,True,main,0.07851504491131567,184.0,418,1485,2.7287919567788905,0.04269066242670152,,,,,,,,,,0.6576279994924895,
proc_innov,0.09934379038089344,0.04346735555383993,2.285480428130562,0.022425150328237692,0.014079797832882296,0.1846077829289046,M4 Pooled x Korea,D3_female,female_share,ols,1903,1484,True,main,0.07851504491131567,83.0,418,1485,2.7287919567788905,0.04269066242670152,,,,,,,,,,0.40365270590827845,
web,0.029091979609703285,0.03369284489733119,0.8634468148460702,0.3880313750765105,-0.03699868635429871,0.09518264557370529,M4 Pooled x Korea,D3_female,female_share,ols,1903,1484,True,main,0.07851504491131567,865.0,418,1485,2.7287919567788905,0.04269066242670152,,,,,,,,,,1.0,
ln_size_cur,0.0037798565262908623,0.009471474104317595,0.39907795604570206,0.6898931841178553,-0.014799044517020344,0.02235875756960207,M4 Pooled x Korea,D3_female,female_share,ols,1903,1484,True,main,0.07851504491131567,,418,1485,2.7287919567788905,0.04269066242670152,,,,,,,,,,,
ln_age,-0.016543918296738867,0.016116563587448438,-1.0265164907501283,0.30481548320091645,-0.048157586533760406,0.015069749940282672,M4 Pooled x Korea,D3_female,female_share,ols,1903,1484,True,main,0.07851504491131567,,418,1485,2.7287919567788905,0.04269066242670152,,,,,,,,,,,
foreign_own,0.01210032877974673,0.05180573824232185,0.23357120640086862,0.8153500978451192,-0.08951993367137749,0.11372059123087096,M4 Pooled x Korea,D3_female,female_share,ols,1903,1484,True,main,0.07851504491131567,,418,1485,2.7287919567788905,0.04269066242670152,,,,,,,,,,,
exporter,0.007770030675549968,0.02277222776610667,0.34120643598667105,0.732996481135437,-0.03689914769546793,0.05243920904656787,M4 Pooled x Korea,D3_female,female_share,ols,1903,1484,True,main,0.07851504491131567,,418,1485,2.7287919567788905,0.04269066242670152,,,,,,,,,,,
corporation,-0.08582142178449409,0.02296361476937959,-3.737278413977362,0.00019308067956108293,-0.1308660179791391,-0.040776825589849075,M4 Pooled x Korea,D3_female,female_share,ols,1903,1484,True,main,0.07851504491131567,,418,1485,2.7287919567788905,0.04269066242670152,,,,,,,,,,,
sec_Retail,0.12707870373135813,0.026943128366215714,4.716553401078084,2.624270000869339e-06,0.07422803759429239,0.17992936986842387,M4 Pooled x Korea,D3_female,female_share,ols,1903,1484,True,main,0.07851504491131567,,418,1485,2.7287919567788905,0.04269066242670152,,,,,,,,,,,
sec_Other services,0.051978073811393216,0.020389801241905498,2.549219249110036,0.01089632321656974,0.011982177143792114,0.09197397047899432,M4 Pooled x Korea,D3_female,female_share,ols,1903,1484,True,main,0.07851504491131567,,418,1485,2.7287919567788905,0.04269066242670152,,,,,,,,,,,
Korea,0.09505347885476338,0.031499084811765186,3.017658431119245,0.002590737175021896,0.03326601333174842,0.15684094437777835,M4 Pooled x Korea,D3_female,female_share,ols,1903,1484,True,main,0.07851504491131567,,418,1485,2.7287919567788905,0.04269066242670152,,,,,,,,,,,
prod_innov:Korea,0.1682234796712045,0.05977173543604519,2.814431912407846,0.0049508585475080925,0.0509774052352262,0.2854695541071828,M4 Pooled x Korea,D3_female,female_share,ols,1903,1484,True,main,0.07851504491131567,,418,1485,2.7287919567788905,0.04269066242670152,,,,,,,,,,,0.09901717095016185
proc_innov:Korea,-0.08869880259705905,0.07469633241690571,-1.1874586037504595,0.23523680629404634,-0.23522042668505072,0.05782282149093261,M4 Pooled x Korea,D3_female,female_share,ols,1903,1484,True,main,0.07851504491131567,,418,1485,2.7287919567788905,0.04269066242670152,,,,,,,,,,,1.0
web:Korea,-0.017622560639379278,0.04065788906180336,-0.4334352089109085,0.6647616205573439,-0.09737560532804378,0.062130484049285215,M4 Pooled x Korea,D3_female,female_share,ols,1903,1484,True,main,0.07851504491131567,,418,1485,2.7287919567788905,0.04269066242670152,,,,,,,,,,,1.0
const,0.22706541651610054,0.12178840631394589,1.864425550743901,0.06321615822140739,-0.012580223238381344,0.4667110562705824,M1 Morocco,D3_lowskill,lowskill_prod_share,ols,407,307,True,main,0.1452253037211707,,407,0,,,,,,,,,,,,,
prod_innov,0.007008560436554666,0.045592655548287765,0.1537212595377738,0.8779305179853188,-0.08270507846935171,0.09672219934246104,M1 Morocco,D3_lowskill,lowskill_prod_share,ols,407,307,True,main,0.1452253037211707,69.0,407,0,,,,,,,,,,,,1.0,
proc_innov,-0.0260744043036268,0.04352138417856593,-0.5991170730380473,0.5495366616420483,-0.11171235844178454,0.05956354983453094,M1 Morocco,D3_lowskill,lowskill_prod_share,ols,407,307,True,main,0.1452253037211707,36.0,407,0,,,,,,,,,,,,1.0,
web,-0.059274461233982265,0.04212257132547526,-1.4071900021481767,0.16038265390876533,-0.14215994154296796,0.023611019075003445,M1 Morocco,D3_lowskill,lowskill_prod_share,ols,407,307,True,main,0.1452253037211707,254.0,407,0,,,,,,,,,,,,1.0,
ln_size_cur,0.08487776264434008,0.021435586045040773,3.959666064925571,9.33363646517017e-05,0.04269850365942459,0.12705702162925556,M1 Morocco,D3_lowskill,lowskill_prod_share,ols,407,307,True,main,0.1452253037211707,,407,0,,,,,,,,,,,,,
ln_age,-0.004621143170061114,0.028880636060491297,-0.16000835855491552,0.872979715910329,-0.06145018556176096,0.05220789922163874,M1 Morocco,D3_lowskill,lowskill_prod_share,ols,407,307,True,main,0.1452253037211707,,407,0,,,,,,,,,,,,,
foreign_own,-0.015642454054007972,0.03754425091298959,-0.4166404622177715,0.6772325610642993,-0.08951907582334881,0.05823416771533286,M1 Morocco,D3_lowskill,lowskill_prod_share,ols,407,307,True,main,0.1452253037211707,,407,0,,,,,,,,,,,,,
exporter,-0.08397308130375732,0.03497925645190723,-2.4006536965475926,0.016960713900591805,-0.15280250886802546,-0.015143653739489171,M1 Morocco,D3_lowskill,lowskill_prod_share,ols,407,307,True,main,0.1452253037211707,,407,0,,,,,,,,,,,,,
corporation,-0.08093086211034045,0.06509566460989749,-1.2432604013698831,0.21472050026382586,-0.20902098712986572,0.04715926290918482,M1 Morocco,D3_lowskill,lowskill_prod_share,ols,407,307,True,main,0.1452253037211707,,407,0,,,,,,,,,,,,,
sec_Retail,-0.017068658707703327,0.06211369215943904,-0.27479703933699434,0.7836570077897728,-0.1392910930557683,0.10515377564036167,M1 Morocco,D3_lowskill,lowskill_prod_share,ols,407,307,True,main,0.1452253037211707,,407,0,,,,,,,,,,,,,
sec_Other services,-0.04547919862186487,0.05811892886566841,-0.7825195596254357,0.43451245496452046,-0.15984105219563524,0.06888265495190551,M1 Morocco,D3_lowskill,lowskill_prod_share,ols,407,307,True,main,0.1452253037211707,,407,0,,,,,,,,,,,,,
const,0.0774986989916509,0.044355543958884205,1.7472156144334305,0.08086640496596863,-0.0095280038327816,0.1645254018160834,M2 Korea,D3_lowskill,lowskill_prod_share,ols,1465,1152,True,main,0.1000901942043545,,0,1465,,,,,,,,,,,,,
prod_innov,0.04426763643833839,0.05518729357144456,0.8021345779718341,0.4226405499032152,-0.06401123399505752,0.15254650687173432,M2 Korea,D3_lowskill,lowskill_prod_share,ols,1465,1152,True,main,0.1000901942043545,113.0,0,1465,,,,,,,,,,,,1.0,
proc_innov,0.0020516650605828524,0.0764789906433689,0.026826518542197076,0.9786027483200552,-0.1480020553312265,0.15210538545239222,M2 Korea,D3_lowskill,lowskill_prod_share,ols,1465,1152,True,main,0.1000901942043545,45.0,0,1465,,,,,,,,,,,,1.0,
web,0.04405229313985183,0.02391839549559464,1.841774593449026,0.0657650527247777,-0.0028762057815425804,0.09098079206124624,M2 Korea,D3_lowskill,lowskill_prod_share,ols,1465,1152,True,main,0.1000901942043545,588.0,0,1465,,,,,,,,,,,,0.9651845187136356,
ln_size_cur,0.03802309039954024,0.01105047453818525,3.440855889776525,0.0006006516659036554,0.016341778936083715,0.05970440186299676,M2 Korea,D3_lowskill,lowskill_prod_share,ols,1465,1152,True,main,0.1000901942043545,,0,1465,,,,,,,,,,,,,
ln_age,-0.016802886744380782,0.014875702316950207,-1.1295525002026046,0.2588999769425279,-0.04598939217968723,0.012383618690925663,M2 Korea,D3_lowskill,lowskill_prod_share,ols,1465,1152,True,main,0.1000901942043545,,0,1465,,,,,,,,,,,,,
foreign_own,0.08549893352084227,0.07642054181865797,1.1187951758275525,0.2634607607514102,-0.06444010879367261,0.23543797583535714,M2 Korea,D3_lowskill,lowskill_prod_share,ols,1465,1152,True,main,0.1000901942043545,,0,1465,,,,,,,,,,,,,
exporter,0.008711394286718986,0.028511290167534308,0.3055419181499761,0.7600086489957089,-0.04722848053143644,0.06465126910487441,M2 Korea,D3_lowskill,lowskill_prod_share,ols,1465,1152,True,main,0.1000901942043545,,0,1465,,,,,,,,,,,,,
corporation,0.0020105241843230565,0.020500877972258524,0.09807015031471662,0.9218936500923081,-0.038212718632527704,0.042233767001173816,M2 Korea,D3_lowskill,lowskill_prod_share,ols,1465,1152,True,main,0.1000901942043545,,0,1465,,,,,,,,,,,,,
sec_Retail,0.1817987122137139,0.04364589676899791,4.165310502746898,3.341426488597815e-05,0.09616435518401849,0.2674330692434093,M2 Korea,D3_lowskill,lowskill_prod_share,ols,1465,1152,True,main,0.1000901942043545,,0,1465,,,,,,,,,,,,,
sec_Other services,0.0011329946683923137,0.017611608861701395,0.06433226386580443,0.9487168248301401,-0.033421428834747725,0.03568741817153235,M2 Korea,D3_lowskill,lowskill_prod_share,ols,1465,1152,True,main,0.1000901942043545,,0,1465,,,,,,,,,,,,,
const,0.16781618707206952,0.0441667420474217,3.799605297848,0.0001508857653305069,0.0811790915235276,0.25445328262061145,M3 Pooled,D3_lowskill,lowskill_prod_share,ols,1872,1459,True,main,0.11727739804770454,,407,1465,,,,,,,,,,,,,
prod_innov,0.03374380431486031,0.04046819408413261,0.8338351902906163,0.4045103530860825,-0.04563825184358361,0.11312586047330422,M3 Pooled,D3_lowskill,lowskill_prod_share,ols,1872,1459,True,main,0.11727739804770454,182.0,407,1465,,,,,,,,,,,,1.0,
proc_innov,-0.02682055042237224,0.04357991389627299,-0.6154337635041993,0.5383642830317311,-0.11230652899364069,0.05866542814889621,M3 Pooled,D3_lowskill,lowskill_prod_share,ols,1872,1459,True,main,0.11727739804770454,81.0,407,1465,,,,,,,,,,,,1.0,
web,0.020018953646235245,0.02087303318369995,0.9590821549533266,0.33767626265421474,-0.020925405989402977,0.06096331328187347,M3 Pooled,D3_lowskill,lowskill_prod_share,ols,1872,1459,True,main,0.11727739804770454,842.0,407,1465,,,,,,,,,,,,1.0,
ln_size_cur,0.05403107966066735,0.009378583021956797,5.761113329611921,1.0176134748746607e-08,0.035634133095969654,0.07242802622536504,M3 Pooled,D3_lowskill,lowskill_prod_share,ols,1872,1459,True,main,0.11727739804770454,,407,1465,,,,,,,,,,,,,
ln_age,-0.01706418884363904,0.013391904311192238,-1.2742167541757077,0.20278952913339957,-0.04333363140609816,0.009205253718820076,M3 Pooled,D3_lowskill,lowskill_prod_share,ols,1872,1459,True,main,0.11727739804770454,,407,1465,,,,,,,,,,,,,
foreign_own,-0.0012920783652214576,0.03978023094593157,-0.03248041387637047,0.9740933778575591,-0.07932463203887256,0.07674047530842966,M3 Pooled,D3_lowskill,lowskill_prod_share,ols,1872,1459,True,main,0.11727739804770454,,407,1465,,,,,,,,,,,,,
exporter,-0.024658758443957648,0.022457248887013684,-1.098031133199803,0.2723720678260332,-0.06871070177028615,0.01939318488237086,M3 Pooled,D3_lowskill,lowskill_prod_share,ols,1872,1459,True,main,0.11727739804770454,,407,1465,,,,,,,,,,,,,
corporation,-0.015533243275056468,0.019996773506808216,-0.7767874787284024,0.4374100813535152,-0.054758739579759116,0.023692253029646185,M3 Pooled,D3_lowskill,lowskill_prod_share,ols,1872,1459,True,main,0.11727739804770454,,407,1465,,,,,,,,,,,,,
sec_Retail,0.14375047638967797,0.035621677496440476,4.035477453414212,5.731636151804172e-05,0.07387530485121903,0.21362564792813693,M3 Pooled,D3_lowskill,lowskill_prod_share,ols,1872,1459,True,main,0.11727739804770454,,407,1465,,,,,,,,,,,,,
sec_Other services,-0.0024000088655496852,0.01681781295710556,-0.1427063597193639,0.8865417982233862,-0.035389683913753016,0.030589666182653647,M3 Pooled,D3_lowskill,lowskill_prod_share,ols,1872,1459,True,main,0.11727739804770454,,407,1465,,,,,,,,,,,,,
Korea,-0.10126769997195637,0.023864654773082108,-4.243417762999875,2.340159501140857e-05,-0.1480803983953208,-0.05445500154859193,M3 Pooled,D3_lowskill,lowskill_prod_share,ols,1872,1459,True,main,0.11727739804770454,,407,1465,,,,,,,,,,,,,
const,0.24051524727620865,0.05181094811799517,4.64217035226715,3.7573285895387175e-06,0.13888334384670648,0.34214715070571083,M4 Pooled x Korea,D3_lowskill,lowskill_prod_share,ols,1872,1459,True,main,0.12795337300901233,,407,1465,2.65846389706292,0.04692150857768458,,,,,,,,,,,
prod_innov,0.004360588603028931,0.04846917765907684,0.08996621798910018,0.9283264084584979,-0.0907161270736672,0.09943730427972507,M4 Pooled x Korea,D3_lowskill,lowskill_prod_share,ols,1872,1459,True,main,0.12795337300901233,182.0,407,1465,2.65846389706292,0.04692150857768458,,,,,,,,,,1.0,
proc_innov,-0.03469224009140687,0.043946152419363546,-0.7894261085782968,0.42999126967138357,-0.12089662895167705,0.051512148768863314,M4 Pooled x Korea,D3_lowskill,lowskill_prod_share,ols,1872,1459,True,main,0.12795337300901233,81.0,407,1465,2.65846389706292,0.04692150857768458,,,,,,,,,,1.0,
web,-0.07101290180941107,0.041178864076912874,-1.7244988029969672,0.08482963585837552,-0.15178900202032047,0.009763198401498335,M4 Pooled x Korea,D3_lowskill,lowskill_prod_share,ols,1872,1459,True,main,0.12795337300901233,842.0,407,1465,2.65846389706292,0.04692150857768458,,,,,,,,,,1.0,
ln_size_cur,0.049637437541858655,0.009608299674665286,5.166100061672756,2.7208041522400925e-07,0.030789880797029764,0.06848499428668754,M4 Pooled x Korea,D3_lowskill,lowskill_prod_share,ols,1872,1459,True,main,0.12795337300901233,,407,1465,2.65846389706292,0.04692150857768458,,,,,,,,,,,
ln_age,-0.014526416739304583,0.013377633135235135,-1.0858734570201125,0.2777143576246418,-0.04076786508761818,0.01171503160900901,M4 Pooled x Korea,D3_lowskill,lowskill_prod_share,ols,1872,1459,True,main,0.12795337300901233,,407,1465,2.65846389706292,0.04692150857768458,,,,,,,,,,,
foreign_own,0.021547993820144207,0.03857713396247973,0.5585690694674693,0.5765415652301684,-0.05412457531587528,0.09722056295616369,M4 Pooled x Korea,D3_lowskill,lowskill_prod_share,ols,1872,1459,True,main,0.12795337300901233,,407,1465,2.65846389706292,0.04692150857768458,,,,,,,,,,,
exporter,-0.03053143362639843,0.02264255034411264,-1.3484096606783964,0.17773593720830602,-0.07494686267297157,0.013883995420174718,M4 Pooled x Korea,D3_lowskill,lowskill_prod_share,ols,1872,1459,True,main,0.12795337300901233,,407,1465,2.65846389706292,0.04692150857768458,,,,,,,,,,,
corporation,-0.01438399089092714,0.020077523142698873,-0.7164225780587797,0.47384511382320643,-0.05376788497630959,0.024999903194455306,M4 Pooled x Korea,D3_lowskill,lowskill_prod_share,ols,1872,1459,True,main,0.12795337300901233,,407,1465,2.65846389706292,0.04692150857768458,,,,,,,,,,,
sec_Retail,0.14198771928731513,0.03529433510315365,4.022960593317088,6.0414991251035906e-05,0.07275465972926509,0.21122077884536516,M4 Pooled x Korea,D3_lowskill,lowskill_prod_share,ols,1872,1459,True,main,0.12795337300901233,,407,1465,2.65846389706292,0.04692150857768458,,,,,,,,,,,
sec_Other services,-0.005521673229317954,0.01691039549515134,-0.32652537493290235,0.7440737264991294,-0.03869295737574697,0.027649610917111062,M4 Pooled x Korea,D3_lowskill,lowskill_prod_share,ols,1872,1459,True,main,0.12795337300901233,,407,1465,2.65846389706292,0.04692150857768458,,,,,,,,,,,
Korea,-0.17771826257999274,0.036621842377812554,-4.852794153460281,1.3479229662881758e-06,-0.2495553488165902,-0.10588117634339528,M4 Pooled x Korea,D3_lowskill,lowskill_prod_share,ols,1872,1459,True,main,0.12795337300901233,,407,1465,2.65846389706292,0.04692150857768458,,,,,,,,,,,
prod_innov:Korea,0.04055598104567412,0.0743138590020504,0.5457391338613587,0.5853286945150903,-0.10521743588484542,0.18632939797619366,M4 Pooled x Korea,D3_lowskill,lowskill_prod_share,ols,1872,1459,True,main,0.12795337300901233,,407,1465,2.65846389706292,0.04692150857768458,,,,,,,,,,,1.0
proc_innov:Korea,0.04273624839365915,0.09015400812075704,0.4740360332778102,0.6355451418870722,-0.13410906673634854,0.2195815635236668,M4 Pooled x Korea,D3_lowskill,lowskill_prod_share,ols,1872,1459,True,main,0.12795337300901233,,407,1465,2.65846389706292,0.04692150857768458,,,,,,,,,,,1.0
web:Korea,0.11755991939291112,0.046883480180837885,2.5074913154796037,0.012267067850318825,0.02559369404366013,0.2095261447421621,M4 Pooled x Korea,D3_lowskill,lowskill_prod_share,ols,1872,1459,True,main,0.12795337300901233,,407,1465,2.65846389706292,0.04692150857768458,,,,,,,,,,,0.21424283869216748
const,-5.551142037133966,1.3995769022303277,-3.9663001213351095,8.663483536474495e-05,-8.302671890365456,-2.7996121839024752,M1 Morocco,D4_energy,env_energy_mgmt,logit,502,396,True,main,0.1967390219964762,,502,0,,,,,,,,0.003883020157088342,,,,,
prod_innov,-0.622436953135007,1.2438981256887238,-0.500392226887853,0.6170768966679229,-3.067906595965652,1.8230326896956384,M1 Morocco,D4_energy,env_energy_mgmt,logit,502,396,True,main,0.1967390219964762,74.0,502,0,,,-0.04330547644063563,0.07230517726571263,0.5495644505282031,-0.18545547439556193,0.09884452151429068,0.5366350882704792,23.0,60.0,False,1.0,
proc_innov,1.6464606467843528,1.1583425067799964,1.4213936181632887,0.15598938078646526,-0.6308089927710749,3.9237302863397803,M1 Morocco,D4_energy,env_energy_mgmt,logit,502,396,True,main,0.1967390219964762,39.0,502,0,,,0.1963396913214909,0.17101130269243173,0.25161646680071936,-0.13986384551052497,0.5325432281535067,5.188583061914578,10.0,73.0,False,1.0,
web,1.4190332503894156,0.4291064174696573,3.3069494946198454,0.0010293277547696348,0.5754217875255696,2.2626447132532617,M1 Morocco,D4_energy,env_energy_mgmt,logit,502,396,True,main,0.1967390219964762,317.0,502,0,,,0.0899099036186867,0.03270869953604389,0.00625501533769696,0.025605496272163714,0.15421431096520968,4.133122813340319,47.0,36.0,False,0.01955722734062306,
ln_size_cur,0.5238687618730112,0.19661675769214743,2.664415627752638,0.008027348863367003,0.1373256018841546,0.9104119218618678,M1 Morocco,D4_energy,env_energy_mgmt,logit,502,396,True,main,0.1967390219964762,,502,0,,,,,,,,1.6885476181097911,,,,,
ln_age,-0.2331894077438859,0.32362141018643004,-0.7205623620809002,0.47160394276465045,-0.8694202356846961,0.4030414201969243,M1 Morocco,D4_energy,env_energy_mgmt,logit,502,396,True,main,0.1967390219964762,,502,0,,,,,,,,0.7920035477116155,,,,,
foreign_own,-0.4131644800396293,0.7132876109650244,-0.579239669508137,0.5627568134297782,-1.8154683851575522,0.9891394250782937,M1 Morocco,D4_energy,env_energy_mgmt,logit,502,396,True,main,0.1967390219964762,,502,0,,,,,,,,0.6615534615390579,,,,,
exporter,-1.071689862374969,0.44408136162513145,-2.413273681320653,0.016263181997141753,-1.9447416552618386,-0.1986380694880996,M1 Morocco,D4_energy,env_energy_mgmt,logit,502,396,True,main,0.1967390219964762,,502,0,,,,,,,,0.3424293697086088,,,,,
corporation,2.268828033401474,0.85494365734906,2.6537749170939198,0.008280249667751675,0.588032221268445,3.949623845534503,M1 Morocco,D4_energy,env_energy_mgmt,logit,502,396,True,main,0.1967390219964762,,502,0,,,,,,,,9.66806352438507,,,,,
sec_Retail,-1.5479967323841897,0.8664127866373228,-1.786673461263419,0.0747551228363132,-3.2513405385409393,0.15534707377255996,M1 Morocco,D4_energy,env_energy_mgmt,logit,502,396,True,main,0.1967390219964762,,502,0,,,,,,,,0.2126735894879311,,,,,
sec_Other services,-0.8720822716590845,0.5423610631989383,-1.607936724873637,0.1086459923106783,-1.93834926580862,0.19418472249045104,M1 Morocco,D4_energy,env_energy_mgmt,logit,502,396,True,main,0.1967390219964762,,502,0,,,,,,,,0.41808008593666646,,,,,
const,-4.144740601473394,0.8387250874203149,-4.941715305334986,8.879853289242013e-07,-5.790327090299222,-2.4991541126475667,M2 Korea,D4_energy,env_energy_mgmt,logit,1476,1161,True,main,0.1469667785539185,,0,1476,,,,,,,,0.0158475462483427,,,,,
prod_innov,0.19885242084523375,0.45166896448386357,0.4402614225940202,0.6598297291218441,-0.6873263241624545,1.0850311658529221,M2 Korea,D4_energy,env_energy_mgmt,logit,1476,1161,True,main,0.1469667785539185,116.0,0,1476,,,0.018935871698040792,0.04523353579841446,0.6755679213200185,-0.06981274983256552,0.1076844932286471,1.220001905763572,49.0,198.0,False,1.0,
proc_innov,0.655163070338856,0.7239001202557422,0.9050462239285131,0.36562866811592487,-0.7651357558428726,2.0754618965205847,M2 Korea,D4_energy,env_energy_mgmt,logit,1476,1161,True,main,0.1469667785539185,47.0,0,1476,,,0.07192702908975261,0.09453386490640724,0.4468952378105828,-0.1135493005916932,0.2574033587711984,1.9254564766170414,21.0,226.0,False,1.0,
web,0.5870058988751541,0.29671893719340875,1.9783230029990606,0.04812835731657099,0.004840560854759368,1.169171236895549,M2 Korea,D4_energy,env_energy_mgmt,logit,1476,1161,True,main,0.1469667785539185,598.0,0,1476,,,0.05658009314773766,0.030544430342067976,0.06422400259505417,-0.0033483656925544017,0.11650855198802973,1.7985951696447355,157.0,90.0,False,0.8181820743817068,
ln_size_cur,0.4707362190946067,0.12010144020249132,3.9194885448579493,9.392397303885858e-05,0.23509606685638032,0.7063763713328332,M2 Korea,D4_energy,env_energy_mgmt,logit,1476,1161,True,main,0.1469667785539185,,0,1476,,,,,,,,1.6011725732133684,,,,,
ln_age,0.3182074871633851,0.2740064727282934,1.1613137602005543,0.24575302969085341,-0.2193957825317534,0.8558107568585236,M2 Korea,D4_energy,env_energy_mgmt,logit,1476,1161,True,main,0.1469667785539185,,0,1476,,,,,,,,1.3746614562455566,,,,,
foreign_own,-1.1002684861956484,0.4492566170380028,-2.449086879231378,0.014468910304928756,-1.9817141828865497,-0.21882278950474732,M2 Korea,D4_energy,env_energy_mgmt,logit,1476,1161,True,main,0.1469667785539185,,0,1476,,,,,,,,0.3327817244035814,,,,,
exporter,-0.11751478338907133,0.4393794664555132,-0.26745624764185383,0.7891654000598062,-0.9795814179886798,0.7445518512105372,M2 Korea,D4_energy,env_energy_mgmt,logit,1476,1161,True,main,0.1469667785539185,,0,1476,,,,,,,,0.8891273673334835,,,,,
corporation,0.06642407013595286,0.36343117357114557,0.1827693246103712,0.8550109280553534,-0.6466313014235764,0.7794794416954821,M2 Korea,D4_energy,env_energy_mgmt,logit,1476,1161,True,main,0.1469667785539185,,0,1476,,,,,,,,1.0686798162812818,,,,,
sec_Retail,-1.348276522948408,0.6456873286539024,-2.0881260373488035,0.037003954158386795,-2.6151211183652014,-0.08143192753161466,M2 Korea,D4_energy,env_energy_mgmt,logit,1476,1161,True,main,0.1469667785539185,,0,1476,,,,,,,,0.2596874405274044,,,,,
sec_Other services,-0.8391106685861814,0.2803070738429936,-2.9935408232194187,0.0028159568102398545,-1.389075776768495,-0.2891455604038681,M2 Korea,D4_energy,env_energy_mgmt,logit,1476,1161,True,main,0.1469667785539185,,0,1476,,,,,,,,0.4320946279320255,,,,,
const,-4.067578011192554,0.7127648097852762,-5.706760428335303,1.376051809599643e-08,-5.465658178538469,-2.6694978438466386,M3 Pooled,D4_energy,env_energy_mgmt,logit,1978,1557,True,main,0.14569103316926368,,502,1476,,,,,,,,0.017118799880007356,,,,,
prod_innov,-0.05581358127881057,0.4729230044700268,-0.11801832592465475,0.9060683599572842,-0.9834467418305679,0.8718195792729468,M3 Pooled,D4_energy,env_energy_mgmt,logit,1978,1557,True,main,0.14569103316926368,190.0,502,1476,,,-0.004870664564729664,0.04066615487833989,0.9046792565485896,-0.0846368705236799,0.07489554139422057,0.945715418517624,72.0,258.0,False,1.0,
proc_innov,1.1116074465418317,0.7178007682545481,1.5486295023685892,0.12167403277434416,-0.2963506967686762,2.5195655898523395,M3 Pooled,D4_energy,env_energy_mgmt,logit,1978,1557,True,main,0.14569103316926368,86.0,502,1476,,,0.13544764002887077,0.11268755231935534,0.22955592543240222,-0.08558772793760813,0.3564830079953497,3.039239885660483,31.0,299.0,False,1.0,
web,0.7125696972738937,0.25790926618781196,2.762869701451493,0.005796976285715692,0.20668356894420803,1.2184558256035793,M3 Pooled,D4_energy,env_energy_mgmt,logit,1978,1557,True,main,0.14569103316926368,915.0,502,1476,,,0.06535196164920111,0.02513236243563364,0.00940206375670606,0.016055115063306848,0.11464880823509538,2.039224721767313,204.0,126.0,False,0.12173650200002953,
ln_size_cur,0.45117316612888453,0.09951976563176167,4.533503101266277,6.244897735930874e-06,0.2559662638260125,0.6463800684317565,M3 Pooled,D4_energy,env_energy_mgmt,logit,1978,1557,True,main,0.14569103316926368,,502,1476,,,,,,,,1.5701531558966184,,,,,
ln_age,0.18989372206872795,0.2152190665638928,0.882327598109685,0.3777358716853536,-0.23225605927124093,0.6120435034086968,M3 Pooled,D4_energy,env_energy_mgmt,logit,1978,1557,True,main,0.14569103316926368,,502,1476,,,,,,,,1.2091210879406153,,,,,
foreign_own,-0.7180662887207326,0.49816263932252147,-1.4414294289456755,0.14966448625397547,-1.6952067094989818,0.2590741320575165,M3 Pooled,D4_energy,env_energy_mgmt,logit,1978,1557,True,main,0.14569103316926368,,502,1476,,,,,,,,0.4876944049159851,,,,,
exporter,-0.34063109533456865,0.34414923917481677,-0.9897772726486808,0.3224367829210235,-1.015675961876795,0.33441377120765775,M3 Pooled,D4_energy,env_energy_mgmt,logit,1978,1557,True,main,0.14569103316926368,,502,1476,,,,,,,,0.7113212695452291,,,,,
corporation,0.26681921372117984,0.3368407105688519,0.7921228205182779,0.42840973095476087,-0.39389005606289856,0.9275284835052582,M3 Pooled,D4_energy,env_energy_mgmt,logit,1978,1557,True,main,0.14569103316926368,,502,1476,,,,,,,,1.3058043534801906,,,,,
sec_Retail,-1.4164754662204233,0.510580437731653,-2.7742454695549537,0.005599065557993277,-2.417973259079284,-0.41497767336156244,M3 Pooled,D4_energy,env_energy_mgmt,logit,1978,1557,True,main,0.14569103316926368,,502,1476,,,,,,,,0.24256744920662052,,,,,
sec_Other services,-0.8447221756463528,0.2395044855189093,-3.5269576426353004,0.0004325588293466335,-1.3145075334493679,-0.37493681784333766,M3 Pooled,D4_energy,env_energy_mgmt,logit,1978,1557,True,main,0.14569103316926368,,502,1476,,,,,,,,0.42967671628566073,,,,,
Korea,0.18285621833112115,0.279903896010953,0.6532821476838813,0.5136708543042875,-0.36617212931367377,0.7318845659759161,M3 Pooled,D4_energy,env_energy_mgmt,logit,1978,1557,True,main,0.14569103316926368,,502,1476,,,,,,,,1.2006417653929475,,,,,
const,-4.66890905118455,0.7143999282281205,-6.535427659916681,8.571021258524574e-11,-6.070196484987532,-3.267621617381568,M4 Pooled x Korea,D4_energy,env_energy_mgmt,logit,1978,1557,True,main,0.1499544967873958,,502,1476,1.110956304009258,0.3434372621408879,,,,,,0.00938249977266717,,,,,
prod_innov,-0.8139535594472055,1.2807000141141966,-0.6355536429115924,0.52516078830586,-3.3260322500213024,1.6981251311268912,M4 Pooled x Korea,D4_energy,env_energy_mgmt,logit,1978,1557,True,main,0.1499544967873958,190.0,502,1476,1.110956304009258,0.3434372621408879,-0.05788761678792674,0.07155722369019957,0.41865624366922405,-0.198246307197659,0.08247107362180552,0.44310276554172634,72.0,258.0,False,1.0,
proc_innov,1.7995521323348251,1.2495714297141025,1.44013546528233,0.15003011250282253,-0.6514681896303669,4.250572454300017,M4 Pooled x Korea,D4_energy,env_energy_mgmt,logit,1978,1557,True,main,0.1499544967873958,86.0,502,1476,1.110956304009258,0.3434372621408879,0.2543652906386077,0.23517332429807572,0.27959434805128724,-0.20692454308508407,0.7156551243622995,6.046938629572975,31.0,299.0,False,1.0,
web,1.3873836308062355,0.42129756760931514,3.2931204390261466,0.0010130389962391718,0.5610131847076134,2.2137540769048574,M4 Pooled x Korea,D4_energy,env_energy_mgmt,logit,1978,1557,True,main,0.1499544967873958,915.0,502,1476,1.110956304009258,0.3434372621408879,0.13504284528183577,0.0504413851564585,0.007501492931429674,0.036102634945208656,0.2339830556184629,4.004359452624132,204.0,126.0,False,0.020260779924783437,
ln_size_cur,0.4726322470194402,0.1001323132158794,4.720077184279892,2.5691003835822393e-06,0.27622383951155016,0.6690406545273302,M4 Pooled x Korea,D4_energy,env_energy_mgmt,logit,1978,1557,True,main,0.1499544967873958,,502,1476,1.110956304009258,0.3434372621408879,,,,,,1.60421132098964,,,,,
ln_age,0.179102698654412,0.2151040724766688,0.8326327651180957,0.4051795678248592,-0.24282152307528607,0.6010269203841101,M4 Pooled x Korea,D4_energy,env_energy_mgmt,logit,1978,1557,True,main,0.1499544967873958,,502,1476,1.110956304009258,0.3434372621408879,,,,,,1.196143580196398,,,,,
foreign_own,-0.7375019949686745,0.46585710587696605,-1.5831077505630031,0.11359999368046884,-1.6512754748069416,0.17627148486959254,M4 Pooled x Korea,D4_energy,env_energy_mgmt,logit,1978,1557,True,main,0.1499544967873958,,502,1476,1.110956304009258,0.3434372621408879,,,,,,0.478307238325175,,,,,
exporter,-0.3044380125533989,0.34247652042360105,-0.8889310489865022,0.37417744911537537,-0.9762018600560816,0.36732583494928367,M4 Pooled x Korea,D4_energy,env_energy_mgmt,logit,1978,1557,True,main,0.1499544967873958,,502,1476,1.110956304009258,0.3434372621408879,,,,,,0.737537744899238,,,,,
corporation,0.24658872568334658,0.339560675497567,0.7261993024428219,0.4678257485824472,-0.4194557247529005,0.9126331761195936,M4 Pooled x Korea,D4_energy,env_energy_mgmt,logit,1978,1557,True,main,0.1499544967873958,,502,1476,1.110956304009258,0.3434372621408879,,,,,,1.2796527162425757,,,,,
sec_Retail,-1.4180248365188386,0.5079222381512911,-2.7918148291362304,0.005305372049616281,-2.414308600762467,-0.4217410722752102,M4 Pooled x Korea,D4_energy,env_energy_mgmt,logit,1978,1557,True,main,0.1499544967873958,,502,1476,1.110956304009258,0.3434372621408879,,,,,,0.2421919134025921,,,,,
sec_Other services,-0.8353771116426426,0.2434744119371603,-3.431067375812165,0.0006169325182258861,-1.31294943551775,-0.35780478776753516,M4 Pooled x Korea,D4_energy,env_energy_mgmt,logit,1978,1557,True,main,0.1499544967873958,,502,1476,1.110956304009258,0.3434372621408879,,,,,,0.43371089316205647,,,,,
Korea,0.8071563755264588,0.35568287368459695,2.269314704880077,0.023385481254692905,0.1094884144596896,1.5048243365932281,M4 Pooled x Korea,D4_energy,env_energy_mgmt,logit,1978,1557,True,main,0.1499544967873958,,502,1476,1.110956304009258,0.3434372621408879,,,,,,2.2415248604195797,,,,,
prod_innov:Korea,1.027212963309094,1.3584116717365664,0.7561867912956942,0.4496516036586041,-1.637296270695088,3.6917221973132763,M4 Pooled x Korea,D4_energy,env_energy_mgmt,logit,1978,1557,True,main,0.1499544967873958,,502,1476,1.110956304009258,0.3434372621408879,,,,,,2.7932700300870805,,,,,1.0
proc_innov:Korea,-1.1218679006238197,1.4386242672475493,-0.779819947546301,0.43561538424718227,-3.943713239631599,1.6999774383839596,M4 Pooled x Korea,D4_energy,env_energy_mgmt,logit,1978,1557,True,main,0.1499544967873958,,502,1476,1.110956304009258,0.3434372621408879,,,,,,0.3256709052405892,,,,,1.0
web:Korea,-0.8016111830150117,0.490040248677716,-1.635806824394553,0.10208213797620218,-1.7628196257886795,0.15959725975865624,M4 Pooled x Korea,D4_energy,env_energy_mgmt,logit,1978,1557,True,main,0.1499544967873958,,502,1476,1.110956304009258,0.3434372621408879,,,,,,0.44860559581792514,,,,,1.0
const,-7.97478645995027,2.4658684416039263,-3.234068097632598,0.0013225201785104907,-12.822578839110484,-3.1269940807900554,M1 Morocco,D4_co2,env_co2_monitor,logit,504,397,True,main,0.2759931348818814,,504,0,,,,,,,,0.00034402836074939153,,,,,
prod_innov,2.293792910237608,0.8542261958683209,2.685228949114546,0.007551877790157784,0.6144205753064393,3.9731652451687762,M1 Morocco,D4_co2,env_co2_monitor,logit,504,397,True,main,0.2759931348818814,74.0,504,0,,,0.1779195535520748,0.097726166305266,0.06942148344689004,-0.014205929002483991,0.37004503610663364,9.912463554546708,8.0,32.0,False,0.1359338002228401,
proc_innov,-6.5187915293856955,1.4309201800457063,-4.5556639848195255,6.959151890653232e-06,-9.331919686174176,-3.7056633725972143,M1 Morocco,D4_co2,env_co2_monitor,logit,504,397,True,main,0.2759931348818814,39.0,504,0,,,-0.07741173548983064,0.021116401814016344,0.0002799256589398819,-0.11892568248802818,-0.0358977884916331,0.0014754510646670792,1.0,39.0,True,0.00014614218970371786,
web,-0.0026399899138128957,0.6993669435622709,-0.0037748279899618015,0.9969900262423876,-1.3775656274845138,1.3722856476568879,M1 Morocco,D4_co2,env_co2_monitor,logit,504,397,True,main,0.2759931348818814,318.0,504,0,,,-0.00011017029574244835,0.029201412082265555,0.9969916649340065,-0.05751890328599257,0.05729856269450767,0.9973634917949936,26.0,14.0,False,1.0,
ln_size_cur,0.7029401483705926,0.2930545647828158,2.3986664356910636,0.01691544697139132,0.12680734993623122,1.279072946804954,M1 Morocco,D4_co2,env_co2_monitor,logit,504,397,True,main,0.2759931348818814,,504,0,,,,,,,,2.0196821516635546,,,,,
ln_age,0.9275910587657925,0.408875016682046,2.268642056668178,0.023826309882091008,0.12376018260966515,1.73142193492192,M1 Morocco,D4_co2,env_co2_monitor,logit,504,397,True,main,0.2759931348818814,,504,0,,,,,,,,2.5284110419256294,,,,,
foreign_own,1.7323944147349701,0.6151029731349522,2.816429915637697,0.005098394132298316,0.5231281557358332,2.9416606737341073,M1 Morocco,D4_co2,env_co2_monitor,logit,504,397,True,main,0.2759931348818814,,504,0,,,,,,,,5.654176155735126,,,,,
exporter,-0.5005612641971432,0.5315677039305438,-0.9416698202239692,0.34693435527817124,-1.5456007402066652,0.5444782118123787,M1 Morocco,D4_co2,env_co2_monitor,logit,504,397,True,main,0.2759931348818814,,504,0,,,,,,,,0.6061903312848821,,,,,
corporation,-0.7482052774738237,1.4240415350887452,-0.525409729307647,0.5995917095980144,-3.5478103111148203,2.0513997561671733,M1 Morocco,D4_co2,env_co2_monitor,logit,504,397,True,main,0.2759931348818814,,504,0,,,,,,,,0.4732150808423189,,,,,
sec_Retail,0.7745744019526055,0.9656889328602466,0.8020951422301337,0.4229777833331232,-1.1239289287093517,2.673077732614563,M1 Morocco,D4_co2,env_co2_monitor,logit,504,397,True,main,0.2759931348818814,,504,0,,,,,,,,2.169668523968227,,,,,
sec_Other services,0.6115268586857638,0.7805067538498247,0.783499765593862,0.4338008562843464,-0.9229161916235724,2.1459699089951,M1 Morocco,D4_co2,env_co2_monitor,logit,504,397,True,main,0.2759931348818814,,504,0,,,,,,,,1.8432436238372014,,,,,
const,-5.358046428187063,0.9088553640555664,-5.895378560872396,4.874214520879672e-09,-7.141199214855192,-3.574893641518934,M2 Korea,D4_co2,env_co2_monitor,logit,1495,1180,True,main,0.18975047492973807,,0,1495,,,,,,,,0.0047100986414642925,,,,,
prod_innov,-0.36752646581038007,0.41262719098735395,-0.8906986108475917,0.3732724466625381,-1.1770912816914225,0.4420383500706624,M2 Korea,D4_co2,env_co2_monitor,logit,1495,1180,True,main,0.18975047492973807,116.0,0,1495,,,-0.018125538155932625,0.018426950948504318,0.3254927957491541,-0.054278781271537416,0.018027704959672167,0.692445000448053,30.0,146.0,False,1.0,
proc_innov,-0.5372024234506368,0.5313131853688671,-1.0110843062885426,0.3121833568300218,-1.5796263608045362,0.5052215139032626,M2 Korea,D4_co2,env_co2_monitor,logit,1495,1180,True,main,0.18975047492973807,48.0,0,1495,,,-0.02460542851246932,0.020343427443253112,0.2267120739499355,-0.06451875330591779,0.015307896280979148,0.58438081776758,11.0,165.0,False,1.0,
web,-0.23433348022739606,0.3372879102535084,-0.6947580186057338,0.4873437336966716,-0.896084404372508,0.42741744391771586,M2 Korea,D4_co2,env_co2_monitor,logit,1495,1180,True,main,0.18975047492973807,606.0,0,1495,,,-0.012640589465292054,0.017842533803724574,0.47880416208317994,-0.04764721992776746,0.022366040997183347,0.791097956375678,109.0,67.0,False,1.0,
ln_size_cur,0.6111088668364583,0.1315313996821524,4.646106316158818,3.762507637712267e-06,0.3530473631545039,0.8691703705184126,M2 Korea,D4_co2,env_co2_monitor,logit,1495,1180,True,main,0.18975047492973807,,0,1495,,,,,,,,1.8424733240268896,,,,,
ln_age,0.4723566285277057,0.34131502579663936,1.3839315378079573,0.16664111999533268,-0.1972954013235167,1.1420086583789282,M2 Korea,D4_co2,env_co2_monitor,logit,1495,1180,True,main,0.18975047492973807,,0,1495,,,,,,,,1.603769231611728,,,,,
foreign_own,-0.4603674116331633,0.4947651887560568,-0.9304765616001063,0.35231470994465514,-1.4310850417079153,0.5103502184415887,M2 Korea,D4_co2,env_co2_monitor,logit,1495,1180,True,main,0.18975047492973807,,0,1495,,,,,,,,0.6310517471554257,,,,,
exporter,-0.23489582118495175,0.42106857514862145,-0.5578564515341529,0.5770482273447081,-1.06102243367941,0.5912307913095065,M2 Korea,D4_co2,env_co2_monitor,logit,1495,1180,True,main,0.18975047492973807,,0,1495,,,,,,,,0.7906532146533324,,,,,
corporation,0.3227740565698798,0.4381745462559127,0.7366335158623429,0.4614916699879555,-0.5369140677503105,1.1824621808900702,M2 Korea,D4_co2,env_co2_monitor,logit,1495,1180,True,main,0.18975047492973807,,0,1495,,,,,,,,1.3809532983287824,,,,,
sec_Retail,-0.3682530327390249,0.5719143398996915,-0.6438954351164076,0.519768369452471,-1.4903354776034292,0.7538294121253796,M2 Korea,D4_co2,env_co2_monitor,logit,1495,1180,True,main,0.18975047492973807,,0,1495,,,,,,,,0.6919420755372504,,,,,
sec_Other services,-1.4465947017822631,0.45487534887405084,-3.18020025785747,0.0015100476547536877,-2.3390494069093712,-0.554139996655155,M2 Korea,D4_co2,env_co2_monitor,logit,1495,1180,True,main,0.18975047492973807,,0,1495,,,,,,,,0.2353704314679717,,,,,
const,-5.421750524179018,0.8375894083808957,-6.4730409314267074,1.279105305002026e-10,-7.064656530096935,-3.778844518261101,M3 Pooled,D4_co2,env_co2_monitor,logit,1999,1577,True,main,0.17286915863291574,,504,1495,,,,,,,,0.004419403599754138,,,,,
prod_innov,0.6174334127728198,0.48236142954583233,1.2800223545115632,0.20072553337914295,-0.3287037777103966,1.5635706032560361,M3 Pooled,D4_co2,env_co2_monitor,logit,1999,1577,True,main,0.17286915863291574,190.0,504,1495,,,0.040260634293546795,0.038192281406025194,0.29197284016793446,-0.0346523575301654,0.11517362611725898,1.854163058366486,38.0,178.0,False,1.0,
proc_innov,-1.8607716948623383,0.7176530909758292,-2.5928567970523932,0.009606258152136891,-3.2684262825783965,-0.45311710714628006,M3 Pooled,D4_co2,env_co2_monitor,logit,1999,1577,True,main,0.17286915863291574,87.0,504,1495,,,-0.0534736297763214,0.012470307283922,1.9115618260306543e-05,-0.0779337560952548,-0.029013503457388002,0.1555525449395491,12.0,204.0,False,0.19212516304273783,
web,-0.18971911319251802,0.28353809510262845,-0.6691133095319977,0.5035211404638588,-0.7458704144023801,0.3664321880173441,M3 Pooled,D4_co2,env_co2_monitor,logit,1999,1577,True,main,0.17286915863291574,924.0,504,1495,,,-0.010056635291575636,0.015032928201214579,0.503610099301617,-0.03954326415911372,0.01942999357596244,0.8271914484799305,135.0,81.0,False,1.0,
ln_size_cur,0.5409879039440748,0.13140899525505848,4.116825510263157,4.0400342159694e-05,0.2832331790443099,0.7987426288438397,M3 Pooled,D4_co2,env_co2_monitor,logit,1999,1577,True,main,0.17286915863291574,,504,1495,,,,,,,,1.7177029497799408,,,,,
ln_age,0.5483299824525087,0.2863019892480531,1.915215412553189,0.05564574443624838,-0.013242612586769398,1.1099025774917868,M3 Pooled,D4_co2,env_co2_monitor,logit,1999,1577,True,main,0.17286915863291574,,504,1495,,,,,,,,1.7303608705538696,,,,,
foreign_own,0.6920571083716538,0.5549057970368535,1.2471614318451454,0.21252349605854742,-0.39637364009351383,1.7804878568368214,M3 Pooled,D4_co2,env_co2_monitor,logit,1999,1577,True,main,0.17286915863291574,,504,1495,,,,,,,,1.9978210434491481,,,,,
exporter,-0.1259775812626138,0.3483332037241002,-0.3616582625938676,0.7176558699462876,-0.8092225062016699,0.5572673436764423,M3 Pooled,D4_co2,env_co2_monitor,logit,1999,1577,True,main,0.17286915863291574,,504,1495,,,,,,,,0.8816346116966932,,,,,
corporation,0.15567300035769813,0.4234175674956722,0.367658340862981,0.7131773432185542,-0.674847607578945,0.9861936082943413,M3 Pooled,D4_co2,env_co2_monitor,logit,1999,1577,True,main,0.17286915863291574,,504,1495,,,,,,,,1.1684440598233066,,,,,
sec_Retail,-0.40089346922231256,0.4853243604069578,-0.8260320353302529,0.4089108679837153,-1.3528423579650286,0.5510554195204034,M3 Pooled,D4_co2,env_co2_monitor,logit,1999,1577,True,main,0.17286915863291574,,504,1495,,,,,,,,0.6697214031797148,,,,,
sec_Other services,-1.0112338584483953,0.33980121888752907,-2.975957125048171,0.002965219248345656,-1.6777435560909417,-0.3447241608058488,M3 Pooled,D4_co2,env_co2_monitor,logit,1999,1577,True,main,0.17286915863291574,,504,1495,,,,,,,,0.3637698620372234,,,,,
Korea,-0.04826247638782502,0.366749188862586,-0.13159531869041996,0.8953211745744827,-0.7676297929022465,0.6711048401265965,M3 Pooled,D4_co2,env_co2_monitor,logit,1999,1577,True,main,0.17286915863291574,,504,1495,,,,,,,,0.9528836447936163,,,,,
const,-6.313712382370293,1.419586783074753,-4.447570559015147,9.292415410485768e-06,-9.098188437700989,-3.5292363270395986,M4 Pooled x Korea,D4_co2,env_co2_monitor,logit,1999,1577,True,main,0.19023324482370796,,504,1495,4.7511401211113204,0.002652773700124727,,,,,,0.001811296517045721,,,,,
prod_innov,2.3197798563134864,0.8429105874846385,2.752106677454402,0.005989142981126561,0.6664365203378708,3.973123192289102,M4 Pooled x Korea,D4_co2,env_co2_monitor,logit,1999,1577,True,main,0.19023324482370796,190.0,504,1495,4.7511401211113204,0.002652773700124727,0.24739230155334285,0.1354327818568445,0.06793690426680399,-0.01825495769375235,0.5130395608004381,10.173434442173829,38.0,178.0,False,0.11379371664140467,
proc_innov,-5.743215664851918,1.333021424905086,-4.3084196229335525,1.7458218936573804e-05,-8.357896417832386,-3.1285349118714496,M4 Pooled x Korea,D4_co2,env_co2_monitor,logit,1999,1577,True,main,0.19023324482370796,87.0,504,1495,4.7511401211113204,0.002652773700124727,-0.07723385674618093,0.009215655714249784,1.1489375287780907e-16,-0.0953100835584087,-0.059157629933953154,0.003204447261311579,12.0,204.0,False,0.00036662259766804986,
web,0.4050952184242069,0.9065589216562551,0.4468492987572286,0.6550452318952332,-1.3730923782726077,2.1832828151210215,M4 Pooled x Korea,D4_co2,env_co2_monitor,logit,1999,1577,True,main,0.19023324482370796,924.0,504,1495,4.7511401211113204,0.002652773700124727,0.022173521826689916,0.05154265027244654,0.6671107250515962,-0.07892581019234736,0.12327285384572718,1.4994452680751968,135.0,81.0,False,1.0,
ln_size_cur,0.561866071010773,0.11614229804519208,4.837738536843361,1.441570478784601e-06,0.3340565057389267,0.7896756362826194,M4 Pooled x Korea,D4_co2,env_co2_monitor,logit,1999,1577,True,main,0.19023324482370796,,504,1495,4.7511401211113204,0.002652773700124727,,,,,,1.7539424295094326,,,,,
ln_age,0.5938077814642921,0.28316899955495445,2.097008438061922,0.036151736042668074,0.03838044988198697,1.1492351130465974,M4 Pooled x Korea,D4_co2,env_co2_monitor,logit,1999,1577,True,main,0.19023324482370796,,504,1495,4.7511401211113204,0.002652773700124727,,,,,,1.8108707038573832,,,,,
foreign_own,0.5169287777103695,0.48111891990092637,1.0744303670635469,0.2827942021142601,-0.4267712681079293,1.4606288235286682,M4 Pooled x Korea,D4_co2,env_co2_monitor,logit,1999,1577,True,main,0.19023324482370796,,504,1495,4.7511401211113204,0.002652773700124727,,,,,,1.6768696935586174,,,,,
exporter,-0.1951462045878784,0.34297807988726686,-0.5689757335279876,0.5694536294508894,-0.8678872179135169,0.4775948087377601,M4 Pooled x Korea,D4_co2,env_co2_monitor,logit,1999,1577,True,main,0.19023324482370796,,504,1495,4.7511401211113204,0.002652773700124727,,,,,,0.8227143646478836,,,,,
corporation,0.20384015301928687,0.42898592187022705,0.47516746500821244,0.6347334168567368,-0.6376026117086171,1.0452829177471907,M4 Pooled x Korea,D4_co2,env_co2_monitor,logit,1999,1577,True,main,0.19023324482370796,,504,1495,4.7511401211113204,0.002652773700124727,,,,,,1.226102149064699,,,,,
sec_Retail,-0.37857689743654804,0.4919320384044271,-0.7695715421676042,0.4416693427656746,-1.3434865444679807,0.5863327495948847,M4 Pooled x Korea,D4_co2,env_co2_monitor,logit,1999,1577,True,main,0.19023324482370796,,504,1495,4.7511401211113204,0.002652773700124727,,,,,,0.6848353069506726,,,,,
sec_Other services,-1.0743944615050371,0.33238727649849065,-3.2323573658509637,0.0012530924564695452,-1.7263619379153141,-0.42242698509476007,M4 Pooled x Korea,D4_co2,env_co2_monitor,logit,1999,1577,True,main,0.19023324482370796,,504,1495,4.7511401211113204,0.002652773700124727,,,,,,0.341504486815701,,,,,
Korea,0.7286259242175191,0.9520060476435562,0.7653585037837138,0.4441726203301283,-1.1387048200515375,2.595956668486576,M4 Pooled x Korea,D4_co2,env_co2_monitor,logit,1999,1577,True,main,0.19023324482370796,,504,1495,4.7511401211113204,0.002652773700124727,,,,,,2.072231247730988,,,,,
prod_innov:Korea,-2.62451723998672,0.9569989014823451,-2.7424454050276017,0.006167325395460703,-4.501641314348468,-0.747393165624971,M4 Pooled x Korea,D4_co2,env_co2_monitor,logit,1999,1577,True,main,0.19023324482370796,,504,1495,4.7511401211113204,0.002652773700124727,,,,,,0.07247473649498244,,,,,0.11717918251375335
proc_innov:Korea,5.017254535969271,1.4096168934307831,3.5593036372869173,0.00038286218247763514,2.2523341142348507,7.782174957703692,M4 Pooled x Korea,D4_co2,env_co2_monitor,logit,1999,1577,True,main,0.19023324482370796,,504,1495,4.7511401211113204,0.002652773700124727,,,,,,150.99617962063598,,,,,0.008040105832030338
web:Korea,-0.6791346113749055,0.9942342946571137,-0.6830730090728986,0.4946610451769498,-2.629294770562267,1.2710255478124564,M4 Pooled x Korea,D4_co2,env_co2_monitor,logit,1999,1577,True,main,0.19023324482370796,,504,1495,4.7511401211113204,0.002652773700124727,,,,,,0.5070556027048888,,,,,1.0
