outcome_key,country,covariate,mean_included,mean_excluded,std_diff,n_included,n_excluded,n_cov_valid_in_excluded
D1_sales,MAR,ln_size_cur,3.56655535520648,3.689731658716257,-0.09775039225495416,494,104,104
D1_sales,MAR,ln_age,2.800287342801061,2.827813295569441,-0.03464342107420075,494,104,58
D1_sales,MAR,foreign_own,0.13562753036437247,0.15492957746478872,-0.0545652731157563,494,104,71
D1_sales,MAR,exporter,0.29959514170040485,0.22784810126582278,0.1627983763807425,494,104,79
D1_sales,MAR,corporation,0.8704453441295547,0.8557692307692307,0.042577431934999056,494,104,104
D1_sales,MAR,web,0.6356275303643725,0.6176470588235294,0.037068317742155896,494,104,102
D1_sales,MAR,prod_innov,0.145748987854251,0.05555555555555555,0.30248422399117736,494,104,90
D1_sales,MAR,proc_innov,0.07489878542510121,0.023809523809523808,0.23698173186208937,494,104,84
D1_sales,MAR,female_top_mgr,0.05510204081632653,0.06,-0.020966901334003106,494,104,100
D1_sales,KOR,ln_size_cur,3.4515100456997816,2.783130215991814,0.46942696373597104,1431,87,86
D1_sales,KOR,ln_age,2.926992672055332,2.153297645724723,0.9960528868974413,1431,87,86
D1_sales,KOR,foreign_own,0.04053109713487072,0.037037037037037035,0.018040045967951335,1431,87,81
D1_sales,KOR,exporter,0.20754716981132076,0.12941176470588237,0.2093527052298895,1431,87,85
D1_sales,KOR,corporation,0.7910552061495457,0.6091954022988506,0.40351209284804695,1431,87,87
D1_sales,KOR,web,0.4143955276030748,0.25287356321839083,0.34675143051673735,1431,87,87
D1_sales,KOR,prod_innov,0.07756813417190776,0.1,-0.07863799764700186,1431,87,80
D1_sales,KOR,proc_innov,0.03284416491963662,0.0375,-0.025187240486104708,1431,87,80
D1_sales,KOR,female_top_mgr,0.39090909090909093,0.2558139534883721,0.2910564490228924,1431,87,86
D2_emp,MAR,ln_size_cur,3.564531908746389,3.700651875233293,-0.1080019546442791,495,103,103
D2_emp,MAR,ln_age,2.7985613282682413,2.843285280596004,-0.05624395623874085,495,103,57
D2_emp,MAR,foreign_own,0.13535353535353536,0.15714285714285714,-0.06142854907891587,495,103,70
D2_emp,MAR,exporter,0.298989898989899,0.23076923076923078,0.15452121048512882,495,103,78
D2_emp,MAR,corporation,0.8686868686868687,0.8640776699029126,0.013506906048462742,495,103,103
D2_emp,MAR,web,0.6363636363636364,0.6138613861386139,0.04635555138499099,495,103,101
D2_emp,MAR,prod_innov,0.14545454545454545,0.056179775280898875,0.29910247626039205,495,103,89
D2_emp,MAR,proc_innov,0.07676767676767676,0.012048192771084338,0.31756909268060757,495,103,83
D2_emp,MAR,female_top_mgr,0.054989816700611,0.06060606060606061,-0.023992947856728827,495,103,99
D2_emp,KOR,ln_size_cur,3.4389410277109826,2.809212092204773,0.4266723822471821,1456,62,61
D2_emp,KOR,ln_age,2.9231637642326236,1.9276011560787951,1.260389290058713,1456,62,61
D2_emp,KOR,foreign_own,0.04120879120879121,0.017857142857142856,0.13784651625577274,1456,62,56
D2_emp,KOR,exporter,0.20535714285714285,0.15,0.1446390035655144,1456,62,60
D2_emp,KOR,corporation,0.7877747252747253,0.6129032258064516,0.3869620500014948,1456,62,62
D2_emp,KOR,web,0.4100274725274725,0.2903225806451613,0.25194492405827346,1456,62,62
D2_emp,KOR,prod_innov,0.07692307692307693,0.12727272727272726,-0.16591402963098292,1456,62,55
D2_emp,KOR,proc_innov,0.03296703296703297,0.03636363636363636,-0.018476131771533903,1456,62,55
D2_emp,KOR,female_top_mgr,0.3848797250859107,0.3442622950819672,0.08410844954783175,1456,62,61
D3_female,MAR,ln_size_cur,3.4811037518149752,3.8361614984435093,-0.27705521774261255,418,180,180
D3_female,MAR,ln_age,2.76361486508677,2.9265977976155364,-0.24151541609654456,418,180,134
D3_female,MAR,foreign_own,0.13875598086124402,0.1360544217687075,0.007829158350140175,418,180,147
D3_female,MAR,exporter,0.28708133971291866,0.2967741935483871,-0.021273173545410334,418,180,155
D3_female,MAR,corporation,0.8421052631578947,0.9277777777777778,-0.2704721018875821,418,180,180
D3_female,MAR,web,0.631578947368421,0.6348314606741573,-0.00673544609450579,418,180,178
D3_female,MAR,prod_innov,0.16267942583732056,0.05421686746987952,0.3536439331293844,418,180,166
D3_female,MAR,proc_innov,0.08373205741626795,0.025,0.26079542408765927,418,180,160
D3_female,MAR,female_top_mgr,0.05555555555555555,0.056818181818181816,-0.0054718066915259754,418,180,176
D3_female,KOR,ln_size_cur,3.406198193040982,3.7579924158069873,-0.22469834276303344,1485,33,32
D3_female,KOR,ln_age,2.883473640665094,2.867242339245061,0.024456702815488392,1485,33,32
D3_female,KOR,foreign_own,0.04107744107744108,0.0,0.2926029122687429,1485,33,27
D3_female,KOR,exporter,0.20336700336700336,0.1935483870967742,0.024416851689872662,1485,33,31
D3_female,KOR,corporation,0.7791245791245791,0.8484848484848485,-0.17767719467613263,1485,33,33
D3_female,KOR,web,0.4047138047138047,0.42424242424242425,-0.03933446884494332,1485,33,33
D3_female,KOR,prod_innov,0.07811447811447811,0.11538461538461539,-0.12485441058252081,1485,33,26
D3_female,KOR,proc_innov,0.03232323232323232,0.07692307692307693,-0.1945147964094596,1485,33,26
D3_female,KOR,female_top_mgr,0.3861185983827493,0.25,0.2933089024543625,1485,33,32
D3_lowskill,MAR,ln_size_cur,3.4694767606894703,3.840488986271608,-0.2907071453408024,407,191,191
D3_lowskill,MAR,ln_age,2.749192249630971,2.954716364737562,-0.3068008587794773,407,191,145
D3_lowskill,MAR,foreign_own,0.1375921375921376,0.13924050632911392,-0.004762711208898965,407,191,158
D3_lowskill,MAR,exporter,0.27764127764127766,0.3192771084337349,-0.09088853722375967,407,191,166
D3_lowskill,MAR,corporation,0.8378378378378378,0.9319371727748691,-0.29759474009546694,407,191,191
D3_lowskill,MAR,web,0.6240786240786241,0.6507936507936508,-0.05548483911857822,407,191,189
D3_lowskill,MAR,prod_innov,0.16953316953316952,0.04519774011299435,0.4093231801122518,407,191,177
D3_lowskill,MAR,proc_innov,0.08845208845208845,0.017543859649122806,0.32006242690744713,407,191,171
D3_lowskill,MAR,female_top_mgr,0.05707196029776675,0.053475935828877004,0.01570653272433917,407,191,187
D3_lowskill,KOR,ln_size_cur,3.406334851939832,3.6188368438428737,-0.14211664508079921,1465,53,52
D3_lowskill,KOR,ln_age,2.880236022397245,2.964698815991194,-0.1256341938667379,1465,53,52
D3_lowskill,KOR,foreign_own,0.040273037542662114,0.0425531914893617,-0.011379053395893226,1465,53,47
D3_lowskill,KOR,exporter,0.20136518771331058,0.2549019607843137,-0.12713514489525793,1465,53,51
D3_lowskill,KOR,corporation,0.7781569965870307,0.8490566037735849,-0.18204217443829954,1465,53,53
D3_lowskill,KOR,web,0.4013651877133106,0.5094339622641509,-0.21719300566677532,1465,53,53
D3_lowskill,KOR,prod_innov,0.07713310580204778,0.13043478260869565,-0.1742339684932049,1465,53,46
D3_lowskill,KOR,proc_innov,0.030716723549488054,0.10869565217391304,-0.3072473944937304,1465,53,46
D3_lowskill,KOR,female_top_mgr,0.38934426229508196,0.21153846153846154,0.39367920056220673,1465,53,52
