term,coef,se,t,p,ci_low,ci_high,n,outcome
const,0.20241067515256145,0.19578844510943355,1.0338233956525191,0.3023486930056851,-0.18344063073623895,0.5882619810413618,315,hs_share (Morocco only)
prod_innov,0.1306020199171215,0.117242336761597,1.1139493081129077,0.26651096616094994,-0.10045405042263436,0.36165809025687734,315,hs_share (Morocco only)
proc_innov,-0.4982492950830139,0.10216800486355848,-4.8767644601498,2.060795375212753e-06,-0.6995975313112709,-0.2969010588547569,315,hs_share (Morocco only)
web,0.2029974624687823,0.08599930481145236,2.360454691044776,0.01912270628536324,0.03351379325387696,0.3724811316836877,315,hs_share (Morocco only)
ln_size_cur,0.035962470021158925,0.03151808230675082,1.141010727465997,0.2551003664843965,-0.026151988318673602,0.09807692836099145,315,hs_share (Morocco only)
ln_age,0.005813117792093802,0.04805475848301145,0.12096861945833902,0.9038258020112672,-0.08889109881515828,0.10051733439934588,315,hs_share (Morocco only)
foreign_own,-0.05127507286629196,0.11052863901865898,-0.46390757473848854,0.6431705726981861,-0.26910008128098173,0.16654993554839778,315,hs_share (Morocco only)
exporter,0.03275039109634218,0.08821131979243844,0.37127197703655235,0.7107906435677215,-0.14109262051275814,0.2065934027054425,315,hs_share (Morocco only)
corporation,-0.0027672422032747144,0.09679382530943259,-0.02858903648479988,0.9772181559936969,-0.19352428037650174,0.18798979596995233,315,hs_share (Morocco only)
sec_Retail,-0.067938988851689,0.08960262678875308,-0.7582254146618022,0.4491238502970539,-0.24452392744795226,0.10864594974457426,315,hs_share (Morocco only)
sec_Other services,-0.05000200289677004,0.07185472468980178,-0.6958763409452843,0.4872374158985545,-0.19161015214349172,0.09160614634995165,315,hs_share (Morocco only)
