Outcome,Regressor,M3 pooled,M4 effect Morocco,M4 effect Korea,Korea - Morocco,p (diff),"Holm p (M4 interaction, 21 tests)",Wald p all 3 interactions,scale
"Sales growth (annualised log, pp)",Product innovation (h1),"5.467**
(2.145)","0.969
(1.047)","8.201**
(3.186)","7.233**
(3.345)",0.031,0.492,0.021,outcome units
"Sales growth (annualised log, pp)",Process innovation (h5),"-4.895**
(2.325)","0.525
(1.472)","-10.703**
(4.270)","-11.228**
(4.459)",0.012,0.214,0.021,outcome units
"Sales growth (annualised log, pp)",Website (c22b),"1.836*
(0.946)","0.259
(1.191)","2.318**
(1.172)","2.059
(1.639)",0.209,1.0,0.021,outcome units
"Labour-productivity growth (annualised log, pp)",Product innovation (h1),"4.970**
(2.220)","2.289
(1.812)","6.483**
(3.300)","4.193
(3.743)",0.263,1.0,0.336,outcome units
"Labour-productivity growth (annualised log, pp)",Process innovation (h5),"-5.107**
(2.475)","-2.451
(3.176)","-7.610**
(3.830)","-5.158
(4.905)",0.293,1.0,0.336,outcome units
"Labour-productivity growth (annualised log, pp)",Website (c22b),"0.843
(1.130)","-1.230
(1.661)","1.535
(1.354)","2.765
(2.077)",0.183,1.0,0.336,outcome units
"Employment growth (annualised log, pp)",Product innovation (h1),"0.540
(1.472)","-1.430
(1.513)","1.806
(2.145)","3.236
(2.648)",0.222,1.0,0.263,outcome units
"Employment growth (annualised log, pp)",Process innovation (h5),"0.107
(1.999)","2.981
(2.667)","-3.173*
(1.802)","-6.153**
(3.136)",0.05,0.749,0.263,outcome units
"Employment growth (annualised log, pp)",Website (c22b),"0.947
(0.607)","1.270
(1.012)","0.800
(0.755)","-0.470
(1.260)",0.709,1.0,0.263,outcome units
Female share of permanent FT employees,Product innovation (h1),"0.047
(0.037)","-0.062**
(0.030)","0.106**
(0.052)","0.168***
(0.060)",0.005,0.099,0.043,outcome units
Female share of permanent FT employees,Process innovation (h5),"0.045
(0.042)","0.099**
(0.043)","0.011
(0.060)","-0.089
(0.075)",0.235,1.0,0.043,outcome units
Female share of permanent FT employees,Website (c22b),"0.018
(0.020)","0.029
(0.034)","0.011
(0.023)","-0.018
(0.041)",0.665,1.0,0.043,outcome units
Low-skilled share of production workers,Product innovation (h1),"0.034
(0.040)","0.004
(0.048)","0.045
(0.056)","0.041
(0.074)",0.585,1.0,0.047,outcome units
Low-skilled share of production workers,Process innovation (h5),"-0.027
(0.044)","-0.035
(0.044)","0.008
(0.079)","0.043
(0.090)",0.636,1.0,0.047,outcome units
Low-skilled share of production workers,Website (c22b),"0.020
(0.021)","-0.071*
(0.041)","0.047**
(0.024)","0.118**
(0.047)",0.012,0.214,0.047,outcome units
Adopted energy-management measures (ge8d),Product innovation (h1),"-0.056
(0.473)","-0.814
(1.281)","0.213
(0.449)","1.027
(1.358)",0.45,1.0,0.343,log-odds
Adopted energy-management measures (ge8d),Process innovation (h5),"1.112
(0.718)","1.800
(1.250)","0.678
(0.708)","-1.122
(1.439)",0.436,1.0,0.343,log-odds
Adopted energy-management measures (ge8d),Website (c22b),"0.713***
(0.258)","1.387***
(0.421)","0.586**
(0.293)","-0.802
(0.490)",0.102,1.0,0.343,log-odds
Monitors CO2 emissions (ge7),Product innovation (h1),"0.617
(0.482)","2.320***
(0.843)","-0.305
(0.412)","-2.625***
(0.957)",0.006,0.117,0.003,log-odds
Monitors CO2 emissions (ge7),Process innovation (h5),"-1.861***
(0.718)","-5.743***
(1.333)","-0.726
(0.566)","5.017***
(1.410)",0.0,0.008,0.003,log-odds
Monitors CO2 emissions (ge7),Website (c22b),"-0.190
(0.284)","0.405
(0.907)","-0.274
(0.331)","-0.679
(0.994)",0.495,1.0,0.003,log-odds
