model,outcome,regressor,baseline,n_checks,share_same_sign,share_sig10,min_coef,max_coef,Unweighted,No winsorising,Trimmed,Data-quality exclusions,Extended controls,DK as category,p_holm,Verdict
M1 Morocco,"Labour-productivity growth (annualised log, pp)",Process innovation (h5),-2.462,19,1.0,0.0,-3.107,-1.694,-1.703,-2.404,-2.606,-2.862,-1.694,-2.459,1.0,Null/imprecise: not significant in baseline or in >=80% of checks
M1 Morocco,"Labour-productivity growth (annualised log, pp)",Product innovation (h1),2.164,19,1.0,0.0,0.13,2.585,0.130,2.305,2.077,1.484,2.585,2.173,1.0,Null/imprecise: not significant in baseline or in >=80% of checks
M1 Morocco,"Labour-productivity growth (annualised log, pp)",Website (c22b),-1.162,19,0.947,0.0,-1.577,0.331,0.331,-1.438,-0.770,-0.437,-1.221,-1.148,1.0,Null/imprecise: not significant in baseline or in >=80% of checks
M1 Morocco,"Sales growth (annualised log, pp)",Process innovation (h5),0.950,19,1.0,0.0,0.594,1.419,0.594,0.963,0.920,0.981,1.419,0.948,1.0,Null/imprecise: not significant in baseline or in >=80% of checks
M1 Morocco,"Sales growth (annualised log, pp)",Product innovation (h1),0.910,19,1.0,0.053,0.678,1.839,1.839*,0.919,0.895,1.249,1.137,0.920,1.0,Null/imprecise: not significant in baseline or in >=80% of checks
M1 Morocco,"Sales growth (annualised log, pp)",Website (c22b),0.362,19,0.947,0.053,-0.333,0.992,0.992*,0.343,0.419,0.585,0.202,0.372,1.0,Null/imprecise: not significant in baseline or in >=80% of checks
M1 Morocco,"Employment growth (annualised log, pp)",Process innovation (h5),3.466,16,1.0,0.0,2.386,4.029,2.386,3.392,3.658,,3.058,3.461,1.0,Null/imprecise: not significant in baseline or in >=80% of checks
M1 Morocco,"Employment growth (annualised log, pp)",Product innovation (h1),-1.317,16,0.938,0.0,-1.681,1.683,1.683,-1.397,-1.092,,-1.575,-1.316,1.0,Null/imprecise: not significant in baseline or in >=80% of checks
M1 Morocco,"Employment growth (annualised log, pp)",Website (c22b),1.461,16,1.0,0.0,0.723,1.786,0.723,1.786,0.808,,1.310,1.457,1.0,Null/imprecise: not significant in baseline or in >=80% of checks
M1 Morocco,Female share of permanent FT employees,Process innovation (h5),0.136***,19,1.0,0.947,0.04,0.709,0.099**,0.136***,0.136***,,0.137***,0.136***,0.013,"Robust: significant in baseline, unweighted run and >=80% of checks, same sign throughout"
M1 Morocco,Female share of permanent FT employees,Product innovation (h1),-0.054*,19,1.0,0.737,-0.31,-0.036,-0.036,-0.054*,-0.054*,,-0.056**,-0.054**,0.86,Fragile: significance depends on specification/weights
M1 Morocco,Female share of permanent FT employees,Website (c22b),0.012,19,1.0,0.053,0.001,0.081,0.041*,0.012,0.012,,0.021,0.011,1.0,Null/imprecise: not significant in baseline or in >=80% of checks
M1 Morocco,Low-skilled share of production workers,Process innovation (h5),-0.026,18,1.0,0.0,-0.108,-0.004,-0.004,-0.026,-0.026,,-0.038,-0.027,1.0,Null/imprecise: not significant in baseline or in >=80% of checks
M1 Morocco,Low-skilled share of production workers,Product innovation (h1),0.007,18,0.889,0.0,-0.025,0.04,0.039,0.007,0.007,,0.000,0.008,1.0,Null/imprecise: not significant in baseline or in >=80% of checks
M1 Morocco,Low-skilled share of production workers,Website (c22b),-0.059,18,0.944,0.167,-0.298,0.003,-0.101***,-0.059,-0.059,,-0.059,-0.059,1.0,Null/imprecise: not significant in baseline or in >=80% of checks
M1 Morocco,Monitors CO2 emissions (ge7),Process innovation (h5),-6.519***,16,1.0,1.0,-7.166,-2.107,-2.107*,-6.519***,-6.519***,,-6.973***,-6.527***,0.0,Unreliable: sparse cell (see Firth sensitivity)
M1 Morocco,Monitors CO2 emissions (ge7),Product innovation (h1),2.294***,16,1.0,1.0,1.088,2.419,1.088**,2.294***,2.294***,,1.909*,2.296***,0.136,"Robust: significant in baseline, unweighted run and >=80% of checks, same sign throughout"
M1 Morocco,Monitors CO2 emissions (ge7),Website (c22b),-0.003,16,0.625,0.0,-0.356,0.672,0.064,-0.003,-0.003,,-0.356,-0.026,1.0,Null/imprecise: not significant in baseline or in >=80% of checks
M1 Morocco,Adopted energy-management measures (ge8d),Process innovation (h5),1.646,16,1.0,0.062,0.337,1.75,0.337,1.646,1.646,,1.532,1.630,1.0,Null/imprecise: not significant in baseline or in >=80% of checks
M1 Morocco,Adopted energy-management measures (ge8d),Product innovation (h1),-0.622,16,0.938,0.062,-1.251,1.017,1.017***,-0.622,-0.622,,-0.624,-0.600,1.0,Null/imprecise: not significant in baseline or in >=80% of checks
M1 Morocco,Adopted energy-management measures (ge8d),Website (c22b),1.419***,16,0.938,1.0,-0.493,1.73,-0.493*,1.419***,1.419***,,1.368***,1.404***,0.02,Fragile: significance depends on specification/weights
M2 Korea,"Labour-productivity growth (annualised log, pp)",Process innovation (h5),-7.464*,19,1.0,0.842,-10.765,-4.63,-5.740**,-8.198**,-6.157*,-5.997,-7.695*,-7.445*,0.918,"Robust: significant in baseline, unweighted run and >=80% of checks, same sign throughout"
M2 Korea,"Labour-productivity growth (annualised log, pp)",Product innovation (h1),6.745**,19,1.0,0.947,1.336,7.922,1.336,7.031**,5.401*,5.913*,6.932**,6.748**,0.775,Fragile: significance depends on specification/weights
M2 Korea,"Labour-productivity growth (annualised log, pp)",Website (c22b),0.901,19,1.0,0.053,0.281,1.759,1.358*,0.672,0.942,0.281,1.098,0.882,1.0,Null/imprecise: not significant in baseline or in >=80% of checks
M2 Korea,"Sales growth (annualised log, pp)",Process innovation (h5),-10.632**,19,1.0,1.0,-13.875,-6.117,-6.168***,-11.399**,-8.870**,-9.288**,-11.006**,-10.635**,0.287,"Robust: significant in baseline, unweighted run and >=80% of checks, same sign throughout"
M2 Korea,"Sales growth (annualised log, pp)",Product innovation (h1),8.345***,19,1.0,0.947,1.894,9.042,1.894,8.635***,8.075**,7.690**,8.753***,8.350***,0.191,Fragile: significance depends on specification/weights
M2 Korea,"Sales growth (annualised log, pp)",Website (c22b),2.080*,19,1.0,0.684,1.359,3.639,1.966***,1.898,1.359,1.535,2.209*,2.064*,1.0,Fragile: significance depends on specification/weights
M2 Korea,"Employment growth (annualised log, pp)",Process innovation (h5),-3.462*,16,1.0,0.875,-3.775,-0.742,-0.742,-3.505*,-3.434*,,-3.617*,-3.480*,0.965,Fragile: significance depends on specification/weights
M2 Korea,"Employment growth (annualised log, pp)",Product innovation (h1),1.714,16,1.0,0.0,0.42,2.139,0.420,1.571,1.892,,1.859,1.717,1.0,Null/imprecise: not significant in baseline or in >=80% of checks
M2 Korea,"Employment growth (annualised log, pp)",Website (c22b),1.109,16,1.0,0.188,0.532,1.78,0.532,1.280,0.897,,1.045,1.110,1.0,Null/imprecise: not significant in baseline or in >=80% of checks
M2 Korea,Female share of permanent FT employees,Process innovation (h5),0.008,19,0.842,0.0,-0.023,0.066,-0.005,0.008,0.008,,0.016,0.009,1.0,Null/imprecise: not significant in baseline or in >=80% of checks
M2 Korea,Female share of permanent FT employees,Product innovation (h1),0.112**,19,0.947,0.947,-0.006,0.494,0.058**,0.112**,0.112**,,0.116**,0.112**,0.612,Fragile: significance depends on specification/weights
M2 Korea,Female share of permanent FT employees,Website (c22b),0.007,19,0.947,0.0,-0.022,0.035,0.016,0.007,0.007,,0.004,0.007,1.0,Null/imprecise: not significant in baseline or in >=80% of checks
M2 Korea,Low-skilled share of production workers,Process innovation (h5),0.002,18,0.889,0.0,-0.052,0.05,0.012,0.002,0.002,,0.006,0.002,1.0,Null/imprecise: not significant in baseline or in >=80% of checks
M2 Korea,Low-skilled share of production workers,Product innovation (h1),0.044,18,1.0,0.056,0.006,0.3,0.050*,0.044,0.044,,0.038,0.044,1.0,Null/imprecise: not significant in baseline or in >=80% of checks
M2 Korea,Low-skilled share of production workers,Website (c22b),0.044*,18,1.0,0.833,0.014,0.309,0.014,0.044*,0.044*,,0.045*,0.044*,0.965,Fragile: significance depends on specification/weights
M2 Korea,Monitors CO2 emissions (ge7),Process innovation (h5),-0.537,16,1.0,0.0,-0.678,-0.161,-0.161,-0.537,-0.537,,-0.604,-0.545,1.0,Null/imprecise: not significant in baseline or in >=80% of checks
M2 Korea,Monitors CO2 emissions (ge7),Product innovation (h1),-0.368,16,0.938,0.188,-0.85,0.572,0.572**,-0.368,-0.368,,-0.302,-0.377,1.0,Null/imprecise: not significant in baseline or in >=80% of checks
M2 Korea,Monitors CO2 emissions (ge7),Website (c22b),-0.234,16,0.938,0.0,-0.604,0.057,0.057,-0.234,-0.234,,-0.217,-0.208,1.0,Null/imprecise: not significant in baseline or in >=80% of checks
M2 Korea,Adopted energy-management measures (ge8d),Process innovation (h5),0.655,16,1.0,0.0,0.403,0.996,0.403,0.655,0.655,,0.553,0.651,1.0,Null/imprecise: not significant in baseline or in >=80% of checks
M2 Korea,Adopted energy-management measures (ge8d),Product innovation (h1),0.199,16,0.938,0.062,-0.037,0.884,0.884***,0.199,0.199,,0.251,0.194,1.0,Null/imprecise: not significant in baseline or in >=80% of checks
M2 Korea,Adopted energy-management measures (ge8d),Website (c22b),0.587**,16,1.0,0.875,0.399,0.657,0.399**,0.587**,0.587**,,0.618**,0.602**,0.818,"Robust: significant in baseline, unweighted run and >=80% of checks, same sign throughout"
